#OS,Criado por,Tipo OS,Dt Criação,Viab/PE,Prazo,Prev Entrega,Produto,Velocidade,#IPs,Cliente,Usuário Final,Projeto,Usuário/Endereço Atendido,Status,Obs Status,Data de entrega,Materiais,Serv Telbrax,Serv Terceiros,Custo Total,Materiais,Serv Telbrax,Serv Terceiros,Custo Total,Dados Completos?,Diferença de Custo
OS001/2011,Djalma,Implantação,06/01/11,EV0586/2010,20,26/01/2011,EILD,2 Mbps,,CTBC,Tubos Ipiranga,EILD 2 Mbps - Tubos Ipiranga,,Concluído,,18/01/2011,"1.033,83","275,00","620,00","1.928,83","1.171,96","275,00","690,00","2.136,96",Ok,"-208,13"
OS002/2011,Djalma,Implantação,19/01/11,,40,28/02/2011,Connect Flex,2 Mbps,,Banco Rural,,Connect Flex 2 Mbps - Lagoa Santa,"Rua Rio de Janeiro, 927 - 8o andar / R. João Azevedo - Lagoa Santa",Concluído,,10/03/2011,"2.593,13","740,00","5.667,00","9.000,13","3.749,43","740,00","4.956,15","9.445,58",Ok,"-445,45"
OS003/2011,Djalma,Manutenção,20/01/11,PE 035/2010,20,09/02/2011,,,,Telbrax,,Manutenção corretiva,Troca de cabo na Av. Raja Gabaglia,Concluído,,04/03/2011,"5.392,59","940,00","2.387,80","8.720,39","4.729,70","1.080,00","3.300,15","9.109,85",Ok,"-389,46"
OS004/2011,Djalma,Implantação,20/01/11,PE 056/2010,30,19/02/2011,Fibra Apagada,,,Banco Rural,,Enlace para atendimento de fibra apagada,"Rua Pouso Alegre, 2512 / Rio de Janeiro, 972",Concluído,,01/04/2011,"1.327,32","940,00","525,00","2.792,32","711,20","920,00","450,00","2.081,20",Ok,"711,12"
OS005/2011,Andrea,Implantação,21/01/11,,5,26/01/2011,IP Flex,2 Mbps,,Unimed,,IP Flex - 2Mbps - temporário,Substituída pela OS 010/2011,Cancelada,,04/03/2011,"1065,6",315,672,"2.052,60",,,,"0,00",-,"2.052,60"
OS006/2011,Andrea,Implantação,21/01/11,,5,26/01/2011,Connect Flex,5 Mbps,,Manoel Bernardes,,Mudança de Endereço,Manoel Bernardes,Concluído,,27/01/2011,"1.142,52","260,00",,"1.402,52","1.142,52","260,00",,"1.402,52",Ok,"0,00"
OS007/2011,Andrea,Implantação,21/01/11,,,,IP Flex,2 Mbps,,Dynpro,,Mudança interna,Dynpro Sistemas Ltda.,Concluído,,25/01/2011,"49,20","125,00",,"174,20","49,20","125,00",,"174,20",Ok,"0,00"
OS008/2011,Djalma,Implantação,24/01/11,,,,Connect Flex,??????,,Banco Rural,,"Interconexão entre galpões em Lagoa Santa, com construção de dutos e lançamento de cabos",Em conjunto com a O.S 02,Cancelada,,,,,,"0,00",,,,"0,00",-,"0,00"
OS009/2011,Andrea,Substituição de Equipamento,24/01/11,,,,,,,Minas Máquinas,,Troca de roteadores,,Concluído,,,,,,"0,00",,,,"0,00",Ok,"0,00"
OS010/2011,Andrea,Implantação,24/01/11,EV009/2011,5,29/01/2011,Connect Flex,2 Mbps,,Unimed,,Connect Flex - 2Mbps - temporário,"Av. Francisco Sales 1483 / Rua Domingos Vieira, 120",Concluído,,02/03/2011,"1.117,44","355,00","672,00","2.144,44","1.002,86","672,00","355,00","2.029,86",Ok,"114,58"
OS011/2011,Ariana,Implantação,28/01/11,,,,IP Flex,1 Mbps,,Hospital Vila da Serra,,Troca de roteador 1841 por roteador da Digitel,"Alameda da Serra, 499 - Vila da Serra",Concluído,,01/02/2011,,,,"0,00",,,,"0,00",Ok,"0,00"
OS012/2011,Ariana,Implantação,31/01/11,,20,20/02/2011,Connect Flex,10 Mbps,,Montreal,,Connect Flex 10 Mbps           ,"Rua Prof. Magalhães Penido, 77 / Av. Contorno, 6920 (SVS)",Concluído,,05/02/2011,"1.577,80","280,00",,"1.857,80","1.577,80","280,00",,"1.857,80",Ok,"0,00"
OS013/2011,Djalma,Interconexão,01/02/11,,15,16/02/2011,Fibra Apagada,,,Telbrax,Wiband,PPI Wiband (POP SRA - Serra do Curral),Serra do Curral,Concluído,,25/02/2011,"7.048,41","230,00",,"7.278,41","7.048,41","230,00",,"7.278,41",Ok,"0,00"
OS014/2011,Djalma,Manutenção,10/02/11,,,,,,,Telbrax,,"Construção de MND e caixas R1, dutos laterais, rede subterrânea e lançamento cabo","Mudança de rota óptica próximo ferrovia, via MND Fonte Grande",Concluído,,01/04/2011,"2.356,23","2.790,00","10.934,00","16.080,23","6.782,82","2.790,00","2.510,00","12.082,82",Ok,"3.997,41"
OS015/2011,Djalma,Manutenção,11/02/11,,15,26/02/2011,,,,Telbrax,,"instalação de cabo óptico do dg 2º andar até sala 203, para interconexão switch",Sangria cabo 2º andar para atendimento almoxarifado,Concluído,,13/04/2011,"2.002,02","140,00","85,20","2.227,22","2.002,02","140,00","85,20","2.227,22",Ok,"0,00"
OS016/2011,Djalma,Implantação,14/02/11,PE 014/2011,2,16/02/2011,Fibra Apagada,,,Minerconsult,,Será instalado um cabo DROP entre CPD's,Instalação de cabo entre CPD para transferência de arquivos,Concluído,,15/02/2011,"49,60","180,00","48,00","277,60",,,,"0,00",Incompleta,"277,60"
OS017/2011,Djalma,Expansão,14/02/11,PE 013/2011,30,16/03/2011,,,,Telbrax,,"Lançamento de cabo novo e inserção de cabo em MND existente, será usado rede existente da CTBC","Mudança de rota óptica próximo ferrovia, via MND Barreiro",Concluído,,28/02/2011,"1.942,44","1.980,00","844,70","4.767,14","1.869,72","1.980,00","1.899,18","5.748,90",Ok,"-981,76"
OS018/2011,Rubens,Implantação,22/02/11,,,,,,,Minas Máquinas,,Troca de Roteador,"Richard / BR381, KM2, Rodovia Fernão Dias",Concluído,,22/02/2011,,,,"0,00",,,,"0,00",Ok,"0,00"
OS019/2011,Rubens,Implantação,22/02/11,,,,,,,Minas Máquinas,,Trocar roteadores NRX5100 da Digitel por roteador Cisco 1841,"Richard / BR381, KM2, Rodovia Fernão Dias",Concluído,,25/02/2011,,,,"0,00",,,,"0,00",Ok,"0,00"
OS020/2011,Andrea,Alteração de Serviço,22/02/11,,,,,2 Mbps,,Superbuy,,Alteração de velocidade para 2MBPS,"SIC - Superbuy - Rua. Bernardo Guimarães, 646 / 2º Andar,  Funcionários",Concluído,,23/02/2011,,,,"0,00",,,,"0,00",Ok,"0,00"
OS021/2011,Andrea,Implantação,23/02/11,,,13/11/2011,IP Flex,2 Mbps,,Banco Pottencial,,IP Flex Multi 2 Mbps - Redundância por Rádio,contratação de circuito de IP Flex 2Mbps,Suspensa,Aguardando liberação do cliente - Jan,,"847,00","1.950,00",,"2.797,00",,,,"0,00",-,"2.797,00"
OS022/2011,Ariana,Mudança de Endereço,24/02/11,,,,Connect Flex,10 Mbps,,Banco BMG,,Mudança do Link,"Av. Alvares Cabral, 1707",Concluído,,14/03/2011,,,,"0,00",,,,"0,00",Ok,"0,00"
OS023/2011,Djalma,Expansão,25/02/11,PE 005/2011,30,27/03/2011,,,,Telbrax,,"Instalação de cabo 72 fibras, à partir da rede existente, passando pelo bairro Floresta e bairro da Graça","Implantação de rede, à partir do cabo AC0201B até emenda Rua Juruá (bairro da Graça)",Concluído,,01/04/2011,"28.207,34","12.150,00","10.267,58","50.624,92","47.313,33","11.070,00","14.675,07","73.058,40",Ok,"-22.433,48"
OS024/2011,Ariana,Serviços técnicos,25/02/11,,,,,,,Montreal,,,Virada do link FC,Concluído,,11/03/2011,,,,"0,00",,,,"0,00",Ok,"0,00"
OS025/2011,Andrea,Alteração de Serviço,01/03/11,,,,Connect Flex,20 Mbps,,BMG,,alteração de velocidade para 20Mbps -  BHE-03-0016-02-003,"Av. João Pinheiro, 190 / Rua Flávio Annes Guimarães, 235",Concluído,,01/03/2011,,,,"0,00",,,,"0,00",Ok,"0,00"
OS026/2011,Djalma,Expansão,01/03/11,,,23/09/2011,,,,Telbrax,,Construção de redes de dutos no centro de BH para fechamento de redundância do POP TTX.,Construção de redes de dutos no centro - Ref. PE009/2011,Concluído,Projeto executado em 21/09/2011,25/08/2011,"1.520,00",,"29.050,00","30.570,00","1.310,00",,"27.438,00","28.748,00",Ok,"1.822,00"
OS027/2011,Paulo,Interconexão,03/03/11,,,,,,,Telbrax,,Interconexão com o PTTMetro de São Paulo Via Intelig / Durand (Tivit),Rota para o PTT através da Intelig,Concluído,,28/06/2011,"46,20","40,00",,"86,20",,,,"0,00",Incompleta,"86,20"
OS028/2011,Ariana,Implantação,04/03/11,,8,12/03/2011,Fibra Apagada,,,Montreal,,FA Temporária para processo de migração do storage da Montreal entre 12/03 a 20/03,"Av. Contorno, 6920 / Av. Professor Magalhães Penido, 77",Concluído,,11/03/2011,"74,61","475,00",,"549,61","74,61","475,00",,"549,61",Ok,"0,00"
OS029/2011,Djalma,Implantação,14/03/11,,,29/03/2011,Cross Connect,100 Mbps,,WKVE,,Cliente estará inserindo um cabo em nossa caixa de emenda na serra do curral e conectando no POP SRA,Inserção de cliente no PTTMetro MG,Concluído,,06/06/2011,"3.456,92","1.870,00","366,20","5.693,12","2.622,70","1.870,00","331,20","4.823,90",Ok,"869,22"
OS030/2011,Ariana,Implantação,15/03/11,,,15/03/2011,,,,CTBC,Ferrous Resources of Brazil S.A,EILD - 2 Mbps,CTBC - Ferrous Resources of Brazil S.A,Cancelada,,,,,,"0,00",,,,"0,00",-,"0,00"
OS031/2011,Vital,Expansão,16/03/11,,,,,,,Expansão de rota FIAT,,Projeto de expansão de rota inicialmente concebido para atender FIAT em Betim,,Concluído,,08/04/2011,,,,"0,00","78.432,80",,"25.547,80","103.980,60",Ok,"-103.980,60"
OS032/2011,Ariana,Implantação,18/03/11,,6,24/03/2011,IP Flex,1 Mbps,,Intelle,,Instalação de IP Flex,"Av. Prestes Maia, 125, Sl 04 Jardim D' abril - São Paulo",Concluído,,22/03/2011,,,,"0,00",,,,"0,00",Ok,"0,00"
OS033/2011,Ariana,Alteração de Serviço,18/03/11,,,,Connect Flex,4 Mbps,,BMG,,Alteração de velocidade de 2Mbps para 4 Mbps (duração de 90 dias),"Av João Pinheiro, 190, Centro",Concluído,,21/03/2011,,,,"0,00",,,,"0,00",Ok,"0,00"
OS034/2011,Ariana,Alteração de Serviço,18/03/11,,,,Connect Flex,10 Mbps,,Montreal,,Alteração de velocidade de 4Mbps para 10Mbps (duração de 90 dias),"Av. Professor Magalhães Penido, 77, Aeroporto",Concluído,,21/03/2011,,,,"0,00",,,,"0,00",Ok,"0,00"
OS035/2011,Djalma,Implantação,24/03/11,PE 052/2010,,,,,,Telbrax,,"Expansão de Serviço, ampliação de rota na região da MinasmáquinasInstalação de novo cabo, criando nova rota mais segura","Av Cel. Jave Soares, 398, Inconfidentes, Contagem. ",Concluído,,04/05/2011,"14.911,15",,"7.008,40","21.919,55","15.068,76",,"11.095,61","26.164,37",Ok,"-4.244,82"
OS036/2011,Ariana,Alteração de Serviço,25/03/11,,,,Connect Flex,2 Mbps,,CTBC,Gran Viver Urbanismo S/A,Alteração de velocidade (CTBC),"Av. Bernado Guimarães, 895, funcionários/ Av. do Contorno, 5351, Cruzeiro",Concluído,,25/03/2011,,,,"0,00",,,,"0,00",Ok,"0,00"
OS037/2011,Ariana,Alteração de Serviço,29/03/11,,,,IP Flex,2 Mbps,,Bernoulli,,Ativação de IPFLEX Temporário com troca de roteador - Prazo de 30 dias para migração,"Rua Bernardo Guimarães, 1738, 10° Andar.",Concluído,,30/03/2011,,,,"0,00",,,,"0,00",Ok,"0,00"
OS038/2011,Ariana,Implantação,31/03/11,,7,07/04/2011,Connect Flex,5 Mbps,,MRV,,Connect Flex - 5 Mbps - Com roteadores alugados,"Av. Raja Gabáglia, 2720 / Av. Professor Magalhães Penido, 77, Aeroporto",Concluído,,04/05/2011,"875,18","425,00","306,00","1.606,18","375,70","425,00","423,50","1.224,20",Ok,"381,98"
OS039/2011,Vital,Implantação,04/04/11,,,,Fibra Apagada,,,Valenet,,Fibra apagada da torre da MTV até o POP-SRA,Serra do Curral,Concluído,,05/04/2011,"419,36","270,00",,"689,36","419,36","270,00",,"689,36",Ok,"0,00"
OS040/2011,Ariana,Implantação,05/04/11,,,,EILD,4 Mbps,,CTBC,Papaseguros Corretora de Seguros Ltda,EILD - 4 Mbps,"Av. Getúlio Vargas, 671, Funcionários / Av Contorno 5351 - Cruzeiro",Concluído,,26/05/2011,"1.206,52","545,00","416,00","2.167,52","1.230,59","545,00","1.127,50","2.903,09",Ok,"-735,57"
OS041/2011,Ariana,Implantação,05/04/11,,30,05/05/2011,EILD,2 Mbps,,CTBC,Villanova do Brasil Logistica Ltda.,EILD - 2 Mbps,"Ponta A: Rua Senador Milton Campos, 35 / Ponta B: Av. Contorno, 5351",Concluído,,04/05/2011,"1.178,23","600,00","255,80","2.034,03","334,70","600,00","654,50","1.589,20",Ok,"444,83"
OS042/2011,Ariana,Implantação,05/04/11,,30,05/05/2011,EILD,4 Mbps,,CTBC,Sei Consultoria de Projetos Ltda.,EILD - 4 Mbps,"Ponta A: Av. Afonso Pena, 1500 / Ponta B: Av. Contorno, 5351",Concluído,,09/05/2011,"7.799,60","3.720,00","2.176,70","13.696,30","6.996,95","3.720,00","2.477,40","13.194,35",Ok,"501,95"
OS043/2011,Ariana,Implantação,07/04/11,,,,Connect Flex,400 Mbps,,AeC,"Rua Sapucaí, 429",Connect Flex - 400Mbps,"Instalação na Rua Sapucaí, 429 - Floresta",Concluído,,05/05/2011,"6.603,26",,,"6.603,26","5.865,21",,,"5.865,21",Ok,"738,05"
OS044/2011,Djalma,Expansão,08/04/11,,20,28/04/2011,,,,Telbrax,,Projeto de expansão para dar prosseguimento ao atendimento para região Norte!,Implantação de cabo à partir do POP PRO até (emenda e conexão do cabo de interligação do bairro da Graça) encaixe próximo Intelig,Concluído,,06/05/2011,"19.756,40","10.470,00","5.732,00","35.958,40",,,,"0,00",Incompleta,"35.958,40"
OS045/2011,Ariana,Mudança de Endereço,11/04/11,,,,Connect Flex,1 Mbps,,Hermes Pardini,,"Mudança de endereço - Novo Endereço - Rua Timbiras, 3156 - sala 2","Ponta A: Rua Aimorés, 66 - 5º andar / Ponta B: Rua Timbiras, 3156 sl 2",Concluído,,04/05/2011,"988,92","500,00","300,00","1.788,92","169,96","500,00","540,73","1.210,69",Ok,"578,23"
OS046/2011,Ariana,Retirada de Equipamento,11/04/11,,,,IP Flex,10 Mbps,,Samba Tech,,Cancelamento do Serviço e Retirada dos Equipamentos,"Av. Contorno, 3505 - 12º andar",Concluído,,11/04/2011,,,,"0,00",,,,"0,00",Ok,"0,00"
OS047/2011,Carlos,Manutenção,12/04/11,,,,,,,INFTEC,Servidor de Desenvolvimento,,Instalação de Servidor de Hospedagem/16 IPs/10 Mbps,Concluído,,30/05/2011,,,,"0,00",,,,"0,00",Ok,"0,00"
OS048/2011,Ariana,Implantação,15/04/11,,10,25/04/2011,Connect Flex,1 Mbps,,BMG,,"Será instalado um roteador Cisco 1841 na Ponta B: Rua Bernardo Monteiro, 971 - 5º andar","Av João Pinheiro, 190, Centro /  Rua Bernardo Monteiro, 971 - 5º andar",Concluído,,04/05/2011,"1.473,83","460,00","106,50","2.040,33","1.444,36","460,00","312,00","2.216,36",Ok,"-176,03"
OS049/2011,Ariana,Serviços técnicos,18/04/11,,,,,,,MRV,,,Acompanhamento Técnico,Concluído,,,,,,"0,00",,,,"0,00",Ok,"0,00"
OS050/2011,Djalma,Expansão,20/04/11,,20,10/05/2011,,,,Telbrax,,Implantação de cabo à partir da emenda AC0703A_EM06,"Instalação de cabo até o bairro Palmares, antes de travessia no anel rodoviário",Concluído,,05/05/2011,"67.210,17","13.350,00","14.041,36","94.601,53","61.799,14","13.350,00","10.318,56","85.467,70",Ok,"9.133,83"
OS051/2011,Ariana,Implantação,25/04/11,,20,15/05/2011,Fibra Apagada,,,Unimed,,Instalação de Fibra Apagada.,"Av Francisco Sales, 1483, Santa Efigênia / Rua Gonçalves Dias, 201, Funcionários ",Concluído,,03/06/2011,"1.266,76","510,00","472,00","2.248,76","1.518,36","510,00","947,00","2.975,36",Ok,"-726,60"
OS052/2011,Ariana,Retirada de Equipamento,27/04/11,,,,Fibra Apagada,,,Montreal,,O Circuito BHE-01-0013-00-001 será mantido como definitivo - Retirada de link temporário (retirada de Jumper na SVS) ,"Av Afonso Pena, 4001, Cruzeiro / Av do Contorno, 6920, Lourdes.",Concluído,,03/05/2011,,,,"0,00",,,,"0,00",Ok,
OS053/2011,Ariana,Implantação,28/04/11,,,,EILD,2 Mbps,,CTBC,Pipe Sistemas Ltda.,Instalação de EILD - 2 Mbps - Ativação e homologação de circuito,"PONTA A: R. Domingos Vieira, 343 / PONTA B: R. Maranhão, 223",Concluído,,13/05/2011,"1.371,46","425,00","666,00","2.462,46","1.287,80","425,00","771,50","2.484,30",Ok,"-21,84"
OS054/2011,Ariana,Implantação,28/04/11,,,18/05/2011,EILD,2 Mbps,,CTBC,Hiper Carijos,Instalação de EILD - 2 Mbps,"Av. Getúlio Vargas, 291",Cancelada,,,,,,"0,00",,,,"0,00",-,
OS055/2011,Ariana,Implantação,28/04/11,,20,18/05/2011,EILD,2 Mbps,,CTBC,Tracbel S/A,Instalação de EILD - 2 Mbps - Instalação de novo serviço cliente CTBC,Cancelada,Cancelada,,14/06/2011,"1.044,16","410,00","551,60","2.005,76","1.291,74","410,00","472,12","2.173,86",-,"-168,10"
OS056/2011,Ariana,Implantação,28/04/11,,25,23/05/2011,EILD,4 Mbps,,WKVE,Meta 3,Instalação de EILD - 4 Mbps,"Rua Paraiba, 1323 / Rua Jorge Marine - Serra do Curral, 571, Belvedere",Concluído,,30/05/2011,"4.272,90","1.740,00","4.559,90","10.572,80","4.581,73","1.740,00","4.880,00","11.201,73",Ok,"-628,93"
OS057/2011,Djalma,Implantação,02/05/11,,5,07/05/2011,IP Flex,10 Mbps,,Katchum Eventos,,Instalação de IP Flex - 10Mbps,"Ativação de cliente - Localizado no Shopping Boulevard - Av Andradas, 3030, Santa Efigênia",Concluído,,23/05/2011,"1.983,31","1.220,00","564,00","3.767,31","1.543,26","1.220,00","696,70","3.459,96",Ok,"307,35"
OS058/2011,Ariana,Retirada de Equipamento,03/05/11,,,,,,,BMG,,"O roteador do circuito BHE-03-0016-02-002 será alocado para o circuito BHE-03-0016-02-008, e o roteador do BHE-03-0016-02-008 será recolhido",Retirada de equipamento e transferência de roteador,Concluído,,03/05/2011,,,,"0,00",,,,"0,00",Ok,"0,00"
OS059/2011,Ariana,Implantação,03/05/11,PE 031/2011,20,23/05/2011,Fibra Apagada,,,Mercantil do Brasil,,"Instalação de Fibra Apagada, circuito ativado.","Rua Teixeira Soares, 595, Centro / Rua Rio de Janeiro, 654, Centro",Concluído,,31/05/2011,"4.197,92","4.180,00","2.234,90","10.612,82","2.474,96","4.180,00","1.312,30","7.967,26",Ok,"2.645,56"
OS060/2011,Ariana,Retirada de Equipamento,04/05/11,,,,Connect Flex,2 Mbps,,Unimed,,Circuito cancelado BHE-07-0001-02-023 - retirado conversor e cto do cliente,"Av Francisco Sales, 1483, Santa Efigênia / Rua Domingos Vieira, 120, Santa Efigênia ",Concluído,,11/05/2011,,,,"0,00",,,,"0,00",Ok,"0,00"
OS061/2011,Ariana,Retirada de Equipamento,05/05/11,,,,,,,Bernoulli,,Retirar das instalações do cliente 01 toteador cisco 1841 e 01 conversor óptico,"Ponta A: Rua Gonçalves Dias, 1738 - 1º e 4º andares",Concluído,,05/05/2011,,,,"0,00",,,,"0,00",Ok,"0,00"
OS062/2011,Ariana,Alteração de Serviço,05/05/11,,,,EILD,250 Mbps,,Global Crossing,Valenet,alteração de velocidade de 200Mbps para 250Mbps,Ponta: Serra do Curral / Ponta B: POP Serra,Concluído,,09/05/2011,,,,"0,00",,,,"0,00",Ok,"0,00"
OS063/2011,Ariana,Implantação,06/05/11,,,,EILD,34 Mbps,,Intelig,Century Telecom,instalação de EILD - 34Mbps - Century Telecom,"Rua Geraldo Teixeira da Costa, 69, Floresta / Av. Raga Gablagia, 4091, Santa Lucia",Concluído,,23/05/2011,"2.362,76","565,00","476,00","3.403,76","1.725,56","565,00","743,73","3.034,29",Ok,"369,47"
OS064/2011,Djalma,Expansão,09/05/11,,,19/05/2011,,,,Telbrax,,Lançamento de cabo em dutos CTBC para ampliação de rota!,Lançamento cabo em dutos para ampliação de rota POP TTX,Concluído,,09/08/2011,"10.243,15","3.530,00","3.716,50","17.489,65","11.562,51","3.530,00","6.606,80","21.699,31",Ok,"-4.209,66"
OS065/2011,Ariana,Implantação,12/05/11,,18,30/05/2011,EILD,2 Mbps,,Intelig,SONDA PROCWORK INFORMÁTICA LTDA.,Instalação de EILD - 2 Mbps / Instalação de Serviço - Sonda Procwork (Intelig),"Rua Jornalista Geraldo Teixeira da Costa, 61, Floresta / Av Raja Gablagia, 2660, Cj Santa Maria ",Concluído,,23/05/2011,"665,03","425,00","213,00","1.303,03","629,46","425,00","441,70","1.496,16",Ok,"-193,13"
OS066/2011,Djalma,Mudança de Endereço,16/05/11,,,,,,,A&C,,,Circuito bhe-07-0024-02-005,Concluído,,02/07/2011,"930,20","170,00",,"1.100,20","930,20","170,00",,"1.100,20",Ok,"0,00"
OS067/2011,Djalma,Mudança de Endereço,16/05/11,,,,,,,A&C,,,Circuito bhe-07-0024-02-006,Concluído,,02/07/2011,,,,"0,00",,,,"0,00",Ok,"0,00"
OS068/2011,Djalma,Mudança de Endereço,16/05/11,,,,,,,A&C,,,Circuito bhe-07-0024-02-002,Concluído,,05/07/2011,,,,"0,00",,,,"0,00",Ok,"0,00"
OS069/2011,Djalma,Expansão,18/05/11,,,,,,,Telbrax,,Rota Nova para interligação de troncos,interligação de troncos TR0703D com TR0306B,Concluído,,05/07/2011,"18.018,37","7.950,00","7.695,00","33.663,37","20.811,14","7.950,00","7.706,07","36.467,21",Ok,"-2.803,84"
OS070/2011,Djalma,Implantação,19/05/11,PE055/2011,20,08/06/2011,Fibra Apagada,,,Mercantil do Brasil,Ponta A,Instalaçao de um novo cabo para redundância do cliente,"Rua Teixeira Soares, 595, Centro / Rua Rio de Janeiro, 654, Centro",Concluído,,29/06/2011,"11.078,07","2.420,00","3.698,00","17.196,07","10.903,55","2.420,00","4.257,45","17.581,00",Ok,"-384,93"
OS071/2011,Djalma,Expansão,19/01/11,,,19/07/2011,Fibra Apagada,,,Mercantil do Brasil,Ponta B,Instalaçao de um novo cabo para redundância do cliente,,Concluído,,04/08/2011,"13.849,81","2.100,00","8.582,50","24.532,31",,,,"0,00",Incompleta,"24.532,31"
OS072/2011,Djalma,Expansão,20/05/11,,,,,,,Telbrax,TIM,PPI TIM - Raja Gabaglia 1781,Raja Gabaglia 1781,Concluído,,19/07/2011,"6.989,40","2.060,00","1.469,00","10.518,40","7.287,76","2.060,00","2.890,00","12.237,76",Ok,"-1.719,36"
OS073/2011,Ariana,Implantação,20/05/11,PE028/2010,30,19/06/2011,IP Flex,2 Mbps,,Loja Elétrica,,IP Flex - Engenho Nogueira ,"Rua Professor José Vieira de Mendonça, 11, Engenho Nogueira",Concluído,,13/06/2011,"2.877,23","1.110,00","597,50","4.584,73","2.858,73","1.110,00","1.703,50","5.672,23",Ok,"-1.087,50"
OS074/2011,Ariana,Implantação,20/05/11,PE028/2010,30,19/06/2011,Connect Flex Multi,2 Mbps,,Loja Elétrica,,Connect Flex Multi - 2 Mbps - Alphonsus Guimarães,"Rua Professor José Vieira de Mendonça, 11, Engenho Nogueira",Concluído,,15/06/2011,"26.427,06","2.130,00","6.094,50","34.651,56","26.188,13","2.130,00","4.944,00","33.262,13",Ok,"1.389,43"
OS075/2011,Ariana,Implantação,20/05/11,,,27/07/2011,Connect Flex Multi,2 Mbps,,Loja Elétrica,,Connect Flex Multi - 2 Mbps - Centro,Instalação de Connect Flex Multi - Centro,Concluído,,27/07/2011,"3.751,25","1.215,00","3.136,00","8.102,25","1.831,03","1.215,00","3.492,00","6.538,03",Ok,"1.564,22"
OS076/2011,Ariana,Implantação,20/05/11,,,,Connect Flex Multi,2 Mbps,,Loja Elétrica,,Connect Flex Multi - 2 Mbps - Sion,Instalação de Connect Flex Multi - Sion,Concluído,,11/07/2011,"1.790,36","340,00","847,86","2.978,22","1.601,73","340,00","957,16","2.898,89",Ok,"79,33"
OS077/2011,Ariana,Implantação,20/05/11,,,30/09/2011,Connect Flex Multi,2 Mbps,,Loja Elétrica,,Connect Flex Multi - 2 Mbps - V&M,Instalação de Connect Flex Multi - V&M,Em Execução,Em fase de cadastramento na V&M (Djalma),,"3.923,07","510,00","13.270,00","17.703,07",,,,"0,00",-,"17.703,07"
OS078/2011,Ariana,Implantação,20/05/11,,,,Connect Flex Multi,2 Mbps,,Loja Elétrica,,Connect Flex Multi - 2 Mbps - Pedro II,Instalação de Connect Flex Multi - Pedro II,Concluído,,11/07/2011,"1.115,11","370,00","392,95","1.878,06","903,38","642,95","370,00","1.916,33",Ok,"-38,27"
OS079/2011,Ariana,Implantação,20/05/11,,,27/07/2011,Connect Flex Multi,2 Mbps,,Loja Elétrica,,Connect Flex Multi - 2 Mbps - Ceasa,Instalação de Connect Flex Multi - Ceasa,Concluído,,27/07/2011,,,,"0,00",,,,"0,00",Ok,"0,00"
OS080/2011,Ariana,Implantação,20/05/11,,,30/09/2011,Connect Flex Multi,2 Mbps,,Loja Elétrica,,Connect Flex Multi - 2 Mbps - Acesita/Timóteo,Instalação de Connect Flex Multi - Timóteo,Em Execução,Aguard. lib. da Seg. (envio doc.) - Aguardando Cliente (Djalma),,,,"1.500,00","1.500,00",,,,"0,00",-,"1.500,00"
OS081/2011,Ariana,Implantação,20/05/11,,,14/07/2011,Connect Flex Multi,2 Mbps,,Loja Elétrica,,Connect Flex Multi - 2 Mbps - João Monlevade/Arcelor Mittal,Instalação de Connect Flex Multi - João Monlevade,Concluído,,18/07/2011,,,,"0,00",,,,"0,00",Ok,"0,00"
OS082/2011,Ariana,Implantação,20/05/11,,,,Connect Flex Multi,2 Mbps,,Loja Elétrica,,Connect Flex Multi - 2 Mbps - Ipatinga/Usiminas,Instalação de Connect Flex Multi - Ipatinga,Concluído,,15/07/2011,,,,"0,00",,,,"0,00",Ok,"0,00"
OS083/2011,Ariana,Implantação,20/05/11,PE028/2010,30,19/06/2011,Connect Flex Multi,10 Mbps,,Loja Elétrica,,Connect Flex Multi - 10 Mbps - Engenho Nogueira,"Rua Professor José Vieira de Mendonça, 11, Engenho Nogueira",Concluído,,15/06/2011,"777,80",,,"777,80",,,,"0,00",Incompleta,"777,80"
OS084/2011,Djalma,Expansão,24/05/11,,,20/08/2011,,,,Telbrax,,Ampliação de rede - POP SVS - Raja Gabaglia,,Concluído,,12/09/2011,"24.511,29","6.750,00","8.372,50","39.633,79","22.884,65","6.750,00","14.492,00","44.126,65",Ok,"-4.492,86"
OS085/2011,Ricardo,Manutenção,24/01/11,,,,,,,Telbrax,,Manutenção - Acidente Árvore ,Rua Maranhão,Concluído,,26/01/2011,,,,"0,00","157,30",,"250,00","407,30",Ok,"-407,30"
OS086/2011,Ricardo,Manutenção,17/02/11,,,,,,,Telbrax,,Fixação de emendas e arremates nos cabos existentes,Serra do Curral,Concluído,,17/02/2011,,,,"0,00","18,90",,"250,00","268,90",Ok,"-268,90"
OS087/2011,Ricardo,Manutenção,17/02/11,,,,,,,Telbrax,,Acidente (rompimento) em cabo existente - Globalbev,Rua Campo Belo,Concluído,,17/02/2011,,,,"0,00","234,10",,"250,00","484,10",Ok,"-484,10"
OS088/2011,Ricardo,Levantamento de Rede,17/02/11,,,,,,,Telbrax,,Levantamento prévio de rede subterrâmea,Centro BH,Concluído,,17/02/2011,,,"250,00","250,00",,,"250,00","250,00",Ok,"0,00"
OS089/2011,Ricardo,Manutenção,01/03/11,,,,,,,Telbrax,,Rearranjo de cabo,Via Expressa (Bairro Califórnia),Concluído,,01/03/2011,,,,"0,00","278,20",,"250,00","528,20",Ok,"-528,20"
OS090/2011,Ricardo,Manutenção,01/03/11,,,,,,,Telbrax,,Fixação de tubo lateral com vedação , Av. Tereza Cristina,Concluído,,01/03/2011,,,,"0,00","107,61",,"250,00","357,61",Ok,"-357,61"
OS091/2011,Ricardo,Manutenção,22/03/11,,,,,,,Telbrax,,Reinstalação de cabo existente em poste novo,Próximo TBX Serra,Concluído,,22/03/2011,,,,"0,00","25,90",,"250,00","275,90",Ok,"-275,90"
OS092/2011,Ricardo,Manutenção,04/05/11,,,,,,,Telbrax,,Espinamento de cabo em travessia,Av. Bernardo Monteiro,Concluído,,04/05/2011,,,,"0,00","137,05",,"250,00","387,05",Ok,"-387,05"
OS093/2011,Ricardo,Manutenção,05/05/11,,,,,,,Telbrax,,Lançamento de cabo e cordoalha rompido instalação de Optloop,V&M,Concluído,,01/01/1900,,,,"0,00","185,89",,"250,00","435,89",Ok,"-435,89"
OS094/2011,Ricardo,Manutenção,06/05/11,,,,,,,Telbrax,,Manutenção em cabo existente e instação de raquete oval,Minas France,Concluído,,06/05/2011,,,,"0,00","144,70",,"250,00","394,70",Ok,"-394,70"
OS095/2011,Ricardo,Manutenção,06/05/11,,,,,,,Telbrax,,Rompimento/Troca de Cabo: Remoção do cabo existente e lançamento de cabo AS, Via Expressa,Concluído,,06/05/2011,,,,"0,00","71,44",,"666,00","737,44",Ok,"-737,44"
OS096/2011,Ricardo,Manutenção,28/01/11,,,,,,,Telbrax,,"Sustentação em 3 postes na Rua Carioca, cabos foram cortados por terceiros",Rua Carioca,Concluído,,28/01/2011,,,,"0,00",,,"320,00","320,00",Ok,"-320,00"
OS097/2011,Ricardo,Manutenção,28/01/11,,,,,,,Telbrax,,Equipamento de poste para nivelamento de rede,Rua José Moreira Mota,Concluído,,28/01/2011,,,,"0,00","11,07",,"320,00","331,07",Ok,"-331,07"
OS098/2011,Ricardo,Manutenção,28/01/11,,,,,,,Telbrax,,"Nivelamento de cordoalha e espinamento de cabo, corrigindo espinamento em 4 lances",Via Expressa c/ R. Sto. Antônio,Concluído,,28/01/2011,,,,"0,00","29,36",,"500,75","530,11",Ok,"-530,11"
OS099/2011,Ricardo,Manutenção,31/01/11,,,,,,,Telbrax,,Manutenção de Rede, Av. Prof. Mário Werneck,Concluído,,31/01/2011,,,,"0,00","11,07",,"320,00","331,07",Ok,"-331,07"
OS100/2011,Ricardo,Manutenção,23/02/11,,,,,,,Telbrax,,Manutenção de Rede, Av. Bernardo Monteiro,Concluído,,02/03/2011,,,,"0,00",,,"320,00","320,00",Ok,"-320,00"
OS101/2011,Ricardo,Manutenção,23/02/11,,,,,,,Telbrax,,Manutenção de Rede, Rua Rodrigues Caldas - CREA,Concluído,,02/03/2011,,,,"0,00",,,"320,00","320,00",Ok,"-320,00"
OS102/2011,Ricardo,Manutenção,25/02/11,,,,,,,Telbrax,,Manutenção de Rede, Rua Rodrigues Caldas - CREA,Concluído,,02/03/2011,,,,"0,00",,,"320,00","320,00",Ok,"-320,00"
OS103/2011,Ariana,Implantação,26/05/11,,10,05/06/2011,EILD,10 Mbps,,CTBC,H H PICCHIONI S A CORRETORA DE CAMBIO E VALORES MOBIL.,,"Rua Bernardo Monteiro, 5351, funcionários / Av. do contorno, 5351, Cruzeiro",Concluído,,13/06/2011,"1.142,94","360,00","627,10","2.130,04","995,24","360,00","593,10","1.948,34",Ok,"181,70"
OS104/2011,Ricardo,Manutenção,02/03/11,,,,,,,Telbrax,,,Telbrax - Manutenção de Rede - Av. Tito Fulgêncio ,Concluído,,02/03/2011,,,,"0,00","80,24",,"370,00","450,24",Ok,"-450,24"
OS105/2011,Ricardo,Manutenção,17/03/11,,,,,,,Telbrax,,Troca de poste CEMIG ,BR-381,Concluído,,18/03/2011,,,,"0,00","11,07",,"320,00","331,07",Ok,"-331,07"
OS106/2011,Ricardo,Manutenção,01/04/11,,,,,,,Telbrax,,Serviço de Pátio - Troca de Cabo - Bobina,Telbrax - Serviço de Pátio - Troca de Cabo - Bobina,Concluído,,01/04/2011,,,,"0,00",,,"360,00","360,00",Ok,"-360,00"
OS107/2011,Ricardo,Manutenção,18/03/11,,,,,,,Telbrax,,Troca de poste CEMIG, Av. Cardeal Eugênio Pacelli,Concluído,,18/03/2011,,,,"0,00","74,24",,"547,90","622,14",Ok,"-622,14"
OS108/2011,Ricardo,Manutenção,22/03/11,,,,,,,Telbrax,,Manutenção de Travessia,Av. Antônio Carlos,Concluído,,22/03/2011,,,,"0,00","2,05",,"420,00","422,05",Ok,"-422,05"
OS109/2011,Ricardo,Manutenção,26/04/11,,,,,,,Telbrax,,Troca de Poste , Av. Tito Fulgêncio,Concluído,,26/04/2011,,,,"0,00","180,78",,"502,00","682,78",Ok,"-682,78"
OS110/2011,Ricardo,Manutenção,27/04/11,,,,,,,Telbrax,,Troca de Poste (5), Av. Tito Fulgêncio,Concluído,,27/04/2011,,,,"0,00","48,60",,"425,00","473,60",Ok,"-473,60"
OS111/2011,Ricardo,Manutenção,20/04/11,,,,,,,Telbrax,,Serviço de vistoria de acidente ocorrido de cabo, na Rua Ipê Branco com Av. Antônio Carlos,Concluído,,20/04/2011,,,,"0,00",,,"100,00","100,00",Ok,"-100,00"
OS112/2011,Ricardo,Manutenção,23/05/11,,,,,,,Telbrax,,Manutenção de Rede,Manutenção de Travessia - Av. Nossa Senhora do Carmo,Concluído,,23/05/2011,,,,"0,00","2,05",,"320,00","322,05",Ok,"-322,05"
OS113/2011,Ricardo,Manutenção,23/05/11,,,,,,,Telbrax,,Troca de Poste CEMIG - KPL,Troca de Poste - Rua Antônio Gonçalves Neto - KPL ,Concluído,,23/05/2011,,,,"0,00","5,41",,"620,00","625,41",Ok,"-625,41"
OS114/2011,Ricardo,Manutenção,23/05/11,,,,,,,Telbrax,,Troca de Poste CEMIG - Av. David Sarnoff,Troca de Poste - Av. General David Sarnoff,Concluído,,23/05/2011,,,,"0,00","18,62",,"320,00","338,62",Ok,"-338,62"
OS115/2011,Ricardo,Manutenção,23/05/11,,,,,,,Telbrax,,Troca de Poste CEMIG - Av. Barbacena,Troca de Poste - Av. Barbacena com Av. Contorno,Concluído,,23/05/2011,,,,"0,00","69,83",,"458,00","527,83",Ok,"-527,83"
OS116/2011,Ariana,Implantação,31/05/11,PE241/2011,3,03/06/2011,IP Flex,2 Mbps,,Banco Pottencial,,Instalação de IP Flex de 2Mbps,"Av Afonso Pena 4100, Cruzeiro / Rua Rio Grande do Norte, 694, Funcionários",Concluído,,11/07/2011,"876,33","425,00","361,00","1.662,33","699,39","425,00","527,40","1.651,79",Ok,"10,54"
OS117/2011,Ariana,Alteração de Serviço,01/06/11,,,,IP Flex,10 Mbps,,Banco Pottencial,,Upgrade de 10Mbps,"Av Afonso Pena 4100, Cruzeiro",Concluído,,,,,,"0,00",,,,"0,00",Ok,"0,00"
OS118/2011,Ariana,Mudança de Endereço,01/06/11,,,,Connect Flex Multi,1 Mbps,,Hermes Pardini,,Mudança de endereço,"Rua Aimorés, 66, Funcionários / Rua Paracatú, 700, Barro Preto.",Concluído,,03/06/2011,"5.770,37","525,00","310,80","6.606,17",,,,"0,00",Incompleta,"6.606,17"
OS119/2011,Djalma,Manutenção,02/06/11,,20,22/06/2011,,,,Telbrax,,Remanejamento de rede - Instalação de rede nova e retirada de rede antiga ,"Av. Cardeal Eugênio Pacelli, 871, Cidade Industrial / Av. Tito Fulgêncio, 361, Barreiro",Concluído,,08/06/2011,"9.780,78","1.950,00","3.639,50","15.370,28",,,,"0,00",Incompleta,"15.370,28"
OS120/2011,Ruan,Expansão,03/06/11,,,,,,,Telbrax,,Implantação POP ENO,Implantação de container na loja elétrica para implementação de novo POP,Suspensa,"Ruan, projeto paralizado por prioridade",,"15.386,00",,"11.100,00","26.486,00",,,,"0,00",-,"26.486,00"
OS121/2011,Ruan,Expansão,03/06/11,,,,,,,Telbrax,,1° lote da revitalização da Savassi,Revitalização da Savassi,Concluído,,05/08/2011,"9.799,66",,"44.716,00","54.515,66","3.880,00",,"52.217,40","56.097,40",Ok,"-1.581,74"
OS122/2011,Ariana,Cancelamento,03/06/11,,,,,,,Montreal,,Cancelamento do link temporário BHE-01-0013-00-005.,"Av do Contorno, 6920, Lourdes / Av. Prof. Magalhães Penido, 77, Aeroporto",Concluído,,30/06/2011,,,,"0,00",,,,"0,00",Ok,"0,00"
OS123/2011,Ricardo,Manutenção,03/06/11,,,,,,,Telbrax,,Manutenção de Rede,Troca de cabo queimado - Av. Raja Gabaglia,Concluído,,02/06/2011,,,,"0,00",,,"250,00","250,00",Ok,"-250,00"
OS124/2011,Ricardo,Manutenção,02/06/11,,,,,,,Telbrax,,Manutenção de Rede,Lançamento de cabo e instalação de Optloop,Concluído,,02/06/2011,,,,"0,00","2.135,92",,"551,50","2.687,42",Ok,"-2.687,42"
OS125/2011,Ricardo,Manutenção,06/06/11,,,,,,,Telbrax,,Manutenção de Rede,Instalação de optloop - Via Expressa,Concluído,,06/06/2011,,,,"0,00","255,60",,"80,00","335,60",Ok,"-335,60"
OS126/2011,Ruan,Expansão,06/06/11,,,,,,,Telbrax,,Dutos na Savassi Rua Pernambuco com Tomé de Souza (Travessia),Rua Pernambuco esq. com Rua Tomé De Souza,Concluído,,04/08/2011,"430,00",,"1.568,00","1.998,00",,,,"0,00",Incompleta,"1.998,00"
OS127/2011,Ruan,Expansão,10/06/11,,,12/07/2011,,,,Telbrax,,Dutos na Savassi Rua Pernambuco com Fernandes Tourinho (Travessia),Rua Pernambuco esq. com Rua Fernandes Tourinho,Concluído,Lançamento Embratel,04/08/2011,"1.300,00",,"8.765,70","10.065,70",,,,"0,00",Incompleta,"10.065,70"
OS128/2011,Ruan,Expansão,10/06/11,,,,,,,Telbrax,,Dutos na Savassi Rua Antônio de Albuquerque esq. Com Paraíba (Travessia),Rua Antônio de Albuquerque esq. Com Paraíba,Concluído,Serviço foi englobado pela OS 146,10/10/2011,"1.300,00",,"9.549,60","10.849,60",,,,"0,00",Incompleta,"10.849,60"
OS129/2011,Ruan,Expansão,10/06/11,,,27/07/2011,,,,Telbrax,,Dutos na Savassi Rua Antônio de Albuquerque esq. Com Alagoas (Travessia),Rua Antônio de Albuquerque esq. Com Alagoas,Concluído,,27/08/2011,"650,00",,"3.694,50","4.344,50",,,,"0,00",Incompleta,"4.344,50"
OS130/2010,Ariana,Implantação,13/06/11,PE057/2011,,13/06/2011,EILD,10 Mbps,,WKVE,Nova Era Silicon,EILD 10 Mbps,"Av. Contorno, 6064 - 5º andar",Concluído,,25/07/2011,"1.651,42","405,00","10.235,00","12.291,42",,,,"0,00",Incompleta,"12.291,42"
OS131/2011,Ariana,Serviços técnicos,14/06/11,,1,15/06/2011,,,,WKVE,,Serviço de fusão de fibras ópticas,,Concluído,,25/07/2011,"4,40",,"320,00","324,40",,,,"0,00",Incompleta,"324,40"
OS132/2011,Ariana,Serviços técnicos,14/06/11,,,,,,,Intelle,,,,Concluído,,24/01/2011,,,,"0,00",,,,"0,00",Ok,"0,00"
OS133/2011,Djalma,Expansão,16/06/11,,,,,,,Telbrax,,MND Anel rodoviário - Dictel (Palmares),,Concluído,,04/07/2011,"1.528,00",,"17.000,00","18.528,00",,,,"0,00",Incompleta,"18.528,00"
OS134/2011,Ricardo,Manutenção,16/06/11,,,,,,,Telbrax,,Retirada de material da Magnecon,,Concluído,,,,,"350,00","350,00",,,,"0,00",Incompleta,"350,00"
OS135/2011,Djalma,Expansão,16/06/11,,,,,,,Telbrax,,MND Anel rodoviário - Dictel (Betânia),,Concluído,,04/07/2011,"1.256,00",,"13.000,00","14.256,00",,,,"0,00",Incompleta,"14.256,00"
OS136/2011,Ariana,Implantação,16/06/11,,6,22/06/2011,EILD,5 Mbps,,Intelig,RURALWEB TELECOMUNICAÇÕES LTDA,Instalação de EILD - 5 Mbps,"Rua Jornalista Geraldo Teixeira da Costa, 61, Floresta / Av. Deputado Cristovam Chiaradia, 540, Buritis.",Concluído,,22/06/2011,"499,06","355,00",,"854,06",,,,"0,00",Incompleta,"854,06"
OS137/2011,Ariana,Alteração de Serviço,17/06/11,,,,,,,Dynpro,,Alteração de velocidade de XX Mbps para XX Mbps,,Concluído,,,,,,"0,00",,,,"0,00",Ok,"0,00"
OS138/2011,Ariana,Alteração de Serviço,17/06/11,,,,,,,Montreal,,Alteração de velocidade de XX Mbps para XX Mbps,,Concluído,,,,,,"0,00",,,,"0,00",Ok,"0,00"
OS139/2011,Djalma,Expansão,20/06/11,,,20/09/2011,,,,Telbrax,,Boulevard Arrudas,Valores orçados para execução de obras de dutos na Av. do Contorno,Concluído,"As Built ok, 13/10/2011",27/09/2011,,,"87.263,13","87.263,13",,,,"0,00",Incompleta,"87.263,13"
OS140/2011,Ricardo,Serviços técnicos,21/06/11,,,,,,,Minerconsult,,Realizado serviços interno - Fusões na CTO e Terminações na CTO,Minerconsult,Concluído,,21/06/2011,,"140,00",,"140,00",,"140,00",,"140,00",Ok,"0,00"
OS141/2011,Ariana,Implantação,22/06/11,,,19/07/2011,,,,Unimed,,Fibra apagada - Rio Doce,,Concluído,,08/09/2011,"8.667,63","2.020,00","1.732,30","12.419,93","10.190,07","2.020,00","4.030,75","16.240,82",Ok,"-3.820,89"
OS142/2011,Andrea,Implantação,24/06/11,,,05/11/2011,,,,Banco Mercantil,,Connect Flex Multi - Sede - Rua Jaceguai (Atento),,Concluído,,09/11/2011,"3.237,55","270,00","633,00","4.140,55",,,,"0,00",Incompleta,"4.140,55"
OS143/2011,Djalma,Manutenção,27/06/11,,,20/07/2011,,,,Telbrax,,"Troca cabo na Raja Gabaglia, da band para TRT",,Concluído,,29/07/2011,"6.346,30","5.310,00","3.698,00","15.354,30","5.837,30","5.310,00","3.833,50","14.980,80",Ok,"373,50"
OS144/2011,Ariana,Retirada de Equipamento,27/06/11,,,,,,,Itambé,,,,Concluído,,30/06/2011,,,,"0,00",,,,"0,00",Ok,"0,00"
OS145/2011,Ruan,Expansão,27/06/11,,,20/09/2011,,,,Telbrax,,2° lote da revitalização da Savassi (Execução Embratel),Revitalização da Savassi,Concluído,Aceitação e Troca de Dutos com a Embratel (pend. arremate),30/03/2012,,,,"0,00",,,,"0,00",Ok,"0,00"
OS146/2011,Ruan,Expansão,27/06/11,,,30/09/2011,,,,Telbrax,,3° lote da revitalização da Savassi,Revitalização da Savassi,Concluído,,10/10/2011,"12.694,61",,"23.263,30","35.957,91","1.760,00",,"43.180,25","44.940,25",Ok,"-8.982,34"
OS147/2011,Ruan,Expansão,27/06/11,,,25/09/2011,,,,Telbrax,,4° lote da revitalização da Savassi,Revitalização da Savassi,Concluído,Aceitação,12/08/2011,"50.442,80",,"11.066,69","61.509,49","3.380,00",,"67.545,72","70.925,72",Ok,"-9.416,23"
OS148/2011,Ricardo,Manutenção,27/06/11,,,,,,,Telbrax,,Remoção de Cabo Av. Antônio Carlos,Av. Antônio Carlos,Concluído,,,,,"473,00","473,00",,,"473,00","473,00",Ok,"0,00"
OS149/2011,Ariana,Implantação,29/06/11,,,30/07/2011,EILD,15 Mbps,,Global Crossing,CORVAL CORRETORA DE VALORES MOBILIÁRIOS S/A,EILD 15 Mbps,"Av. Bandeirantes, 1448 - Mangabeiras",Concluído,,26/08/2011,"29.145,06","13.100,00","4.361,00","46.606,06","24.532,49","13.100,00","5.176,50","42.808,99",Ok,"3.797,07"
OS150/2011,Paulo,Implantação,29/06/11,,,,Connect Flex,1 Mbps,,Hermes Pardini,,,Rua Aimores 66 - 5º andar - Felipe 3228-6525,Concluído,,29/06/2011,,,,"0,00",,,,"0,00",Ok,"0,00"
OS151/2011,Ariana,Implantação,30/06/11,,,11/07/2011,IP Flex,6 Mbps,,CIMCORP,,Link IP Flex 6 Mbps,"Rua Paraíba, 1323 - 3 andar",Concluído,,11/07/2011,"1.295,90","280,00",,"1.575,90",,,,"0,00",Incompleta,"1.575,90"
OS152/2011,Ariana,Implantação,01/07/11,,,,,,,Global Crossing,CORVAL CORRETORA DE VALORES MOBILIÁRIOS S/A,EILD 15 Mbps,,Concluído,,25/07/2011,"1.097,70","300,00","127,80","1.525,50",,,,"0,00",Incompleta,"1.525,50"
OS153/2011,Ariana,Implantação,01/07/11,,,,IP Flex,,,Contécnica,,,,Concluído,,15/07/2011,"1.427,80","355,00","191,70","1.974,50","1.476,43","355,00","336,00","2.167,43",Ok,"-192,93"
OS154/2011,Ricardo,Manutenção,04/07/11,,,,,,,,,Rebobinamento de Cabo - Serviço de Terceiros,Telbrax,Concluído,,01/07/2011,,,"100,00","100,00",,,"100,00","100,00",Ok,"0,00"
OS155/2011,Andrea,Cancelamento,04/07/11,,,,Connect Flex,400 Mbps,,AeC,,"Desativação circuito Afonso Pena, 550",,Concluído,,02/07/2011,,,,"0,00",,,,"0,00",Ok,"0,00"
OS156/2011,Andrea,Mudança de Endereço,04/07/11,,,04/07/2011,Connect Flex,400 Mbps,,AeC,,"Mudança de endereço circuito Espirito Santo <> Sapucaí (antigo AFP,550)","Rua Espírito Santo, 461  Centro / Rua Sapucaí, 429",Concluído,,02/07/2011,,,,"0,00",,,,"0,00",Ok,"0,00"
OS157/2011,Andrea,Implantação,05/07/11,,,30/07/2011,IP Flex,5 Mbps,,Sysmap,,,"Instalação Rua Rio Grande do Norte, 694 - Funcionários",Concluído,,14/07/2011,"1.349,00","455,00","95,85","1.899,85","1.405,33","455,00","240,00","2.100,33",Ok,"-200,48"
OS158/2011,Andrea,Implantação,06/07/11,,,21/07/2011,EILD,10 Mbps,,Intelig,Hatch Engenharia e Consultoria,Cancelado - Substituída pela OS 160,,Cancelada,,,"665,03","425,00","213,00","1.303,03",,,,"0,00",-,"1.303,03"
OS159/2011,Rubens,Substituição de Equipamento,08/07/11,,,09/07/2011,,,,Loja Elétrica,,Troca de equipamento (EDD novo modelo),Engenho Nogueira,Concluído,,08/07/2011,,,,"0,00",,,,"0,00",Ok,"0,00"
OS160/2011,Ariana,Cancelamento,11/07/11,,,,EILD,10 Mbps,,Intelig,Hatch Engenharia e Consultoria,Cancelamento referente a OS158-EILD 10Mbps,"Rua Maria Luiza Santiago, 200 Belvedere",Concluído,,,,,,"0,00",,,,"0,00",Ok,"0,00"
OS161/2011,Ariana,Implantação,11/07/11,,,31/07/2011,IP Flex,3 Mbps,,Brandt,,IP Flex - 3 Mbps,Alameda do Ingá 89 - Vale do Sereno - Nova Lima - Minas Gerais,Concluído,,12/08/2011,"1.807,90","335,00","542,10","2.685,00","2.188,86","335,00","370,00","2.893,86",Ok,"-208,86"
OS162/2011,Djalma,Expansão,12/07/11,PE021/2010,,25/07/2011,,,,Telbrax,,Construção de caixa de entrada POP BPT,"Rua Paracatú, 45 - Barro Preto",Concluído,,10/08/2011,"1.387,00",,"2.220,00","3.607,00","3.004,20",,"100,00","3.104,20",Ok,"502,80"
OS163/2011,Ricardo,Manutenção,01/07/11,,,,,,,Telbrax,,,Av. Carlos Luz,Concluído,,05/07/2011,,,,"0,00","26,35",,"390,00","416,35",Ok,"-416,35"
OS164/2011,Ariana,Cancelamento,13/07/11,,,13/07/2011,Fibra Apagada,,,Unimed,,Cancelamento Fibra Apagada redundante - Sede - Arapiara,"Ponta (A):Av. Francisco Sales,1483 / Ponta (B):Av. Contorno, 2983 - Santa Efigênia",Concluído,,06/09/2011,,,,"0,00",,,,"0,00",Ok,"0,00"
OS165/2011,Ariana,Implantação,13/07/11,,,,Fibra Apagada,,,Unimed,,Fibra Apagada - Hospital Unimed - Rio Doce,"Ponta (A):Av. Francisco Sales,1483 / Ponta (B):Hospital Unimed - Av. Contorno, 3103",Concluído,,19/08/2011,"6.375,96","1.050,00","2.734,50","10.160,46","6.610,02","1.050,00","4.363,01","12.023,03",Ok,"-1.862,57"
OS166/2011,Ricardo,Serviços técnicos,11/07/11,,,,,,,Telbrax,,Entrega de cabo na Matrel no dia 06/07/2011,,Concluído,,11/07/2011,,,,"0,00",,,"40,00","40,00",Ok,"-40,00"
OS167/2011,Ricardo,Serviços técnicos,11/07/11,,,,,,,Telbrax,,"Rebobinar cabo 72 FO 800 mts, bobina podre fornecida pela Matrel",,Concluído,,11/07/2011,,,,"0,00",,,"100,00","100,00",Ok,"-100,00"
OS168/2011,Ricardo,Manutenção,11/07/11,,,11/07/2011,,,,Telbrax,,Manutenção na Rede,Av. Barão Homem de Melo,Concluído,,11/07/2011,,,"250,00","250,00",,,"250,00","250,00",Ok,"0,00"
OS169/2011,Ricardo,Manutenção,14/07/11,,,14/07/2011,,,,Telbrax,,Sondagem em duto na Rua Espirito Santo,Rua Espirito Santo - Centro,Concluído,,14/07/2011,,,,"0,00",,,"250,00","250,00",Ok,"-250,00"
OS170/2011,Djalma,Expansão,15/07/11,,,17/09/2011,,,,Telbrax,,"Implantação de cabos em dutos construídos na Boulevard Arrudas, interligando troncos  até POP BPT","Av. do Contorno, da Tereza Cristina até Rua Mato Grosso",Concluído,,10/09/2011,"28.179,60",,"6.920,00","35.099,60","26.987,35",,"12.309,20","39.296,55",Ok,"-4.196,95"
OS171/2011,Djalma/Wendell,Expansão,15/07/11,PE078/2011,,21/07/2011,,,,Telbrax,Expominas,Implantação de cabo no Expominas para fornecimento de banda em stands na feira,"Av. Amazonas, 6030 - Expominas",Concluído,,28/07/2011,"6.116,41","730,00","2.092,00","8.938,41","4.943,23","730,00","2.866,13","8.539,36",Ok,"399,05"
OS172/2011,Ariana,Alteração de Serviço,18/07/11,,,18/07/2011,IP Flex,5Mbps,,Dynpro,,Alteração de velocidade de 2Mbps para 5Mbps,"Rua Bernardo Guimarães, 646 - sala 101 - Funcionários",Concluído,,19/07/2011,,,,"0,00",,,,"0,00",Ok,"0,00"
OS173/2011,Jan,Implantação,21/07/11,PE172/2011,,25/07/2011,EILD,2Mbps,,Telbrax,,Criação de Circuito 2Mbps Do Asteca até a SRA para Voip da CTBC,Pirapetinga 322/309,Concluído,,,,,,"0,00",,,,"0,00",Ok,"0,00"
OS174/2011,Rubens,Substituição de Equipamento,25/07/11,,,26/07/2011,,3 / 35Mbps,,Axial,,Substituição de Conversores por Demarc (Vlan 106 e 108),"Rua Bernardo Monteiro, 1472",Concluído,,25/07/2011,,,,"0,00",,,,"0,00",Ok,"0,00"
OS175/2011,Djalma,Implantação,27/07/11,,,01/08/2011,EILD,10Mbps,,CTBC,Devex,Instalação de EILD - 10Mbps,"Avenida Afonso Pena, 3130 - Cruzeiro",Concluído,,18/08/2011,"2.455,16","435,00","735,00","3.625,16","2.453,98","435,00","911,60","3.800,58",Ok,"-175,42"
OS176/2011,Ariana,Implantação,28/07/11,,,22/08/2011,EILD,400Mbps,,WKVE,,Instalação de EILD - 400Mbps,"Rua Falcão, 722",Concluído,,05/09/2011,"15.781,66","1.440,00","5.709,50","22.931,16","12.218,75","1.440,00","5.855,00","19.513,75",Ok,"3.417,41"
OS177/2011,Ricardo,Manutenção,28/07/11,,,28/07/2011,,,,Telbrax,,Manutenção - Correção espinamento (troca de poste - CEMIG),Rua Gentil Portugal,Concluído,,28/07/2011,,,,"0,00","10,10",,"320,00","330,10",Ok,"-330,10"
OS178/2011,Ricardo,Manutenção,28/07/11,,,28/07/2011,,,,Telbrax,,Manutenção - Redisposição de Cabo - (Troca de Poste),Rua Doutor Cassiano,Concluído,,28/07/2011,,,,"0,00","87,67",,"894,64","982,31",Ok,"-982,31"
OS179/2011,Ricardo,Serviços técnicos,28/07/11,,,28/07/2011,,,,Telbrax,,"Transporte de 144FO para Telbrax, e materiais para Expominas",Telbrax e Expominas,Concluído,,28/07/2011,,,"320,00","320,00",,,"320,00","320,00",Ok,"0,00"
OS180/2011,Ariana,Implantação,28/07/11,,,13/08/2011,IP Flex,2Mbps,,Belvitur,,IP Flex - 2Mbps,"Rua Santa Catarina, 1631-9° andar",Concluído,,08/08/2011,"2.136,76","465,00","421,35","3.023,11","2.330,10","465,00","914,50","3.709,60",Ok,"-686,49"
OS181/2011,Andrea,Implantação,28/07/11,,,02/08/2011,Connect Flex,100Mbps,,Montreal,,Connect Flex - 100Mbps,"Av. Professor Magalhães Penido / Av. Afonso Pena			
",Concluído,Previsão 20/08/2011,13/09/2011,"1.027,00","650,00","191,70","1.868,70","1.134,20","650,00","295,40","2.079,60",Ok,"-210,90"
OS182/2011,Ruan,Expansão,29/07/11,PE081/2011,,20/08/2011,,,,Telbrax,TIM,Expansão de rede e compartilhamento com a TIM,Região do Bairro Ouro Preto,Concluído,Lançamento Matrel. Previsto 10/08,20/09/2011,"47.348,80",,"13.680,00","61.028,80","47.099,60",,"14.062,00","61.161,60",Ok,"-132,80"
OS183/2011,Andrea,Implantação,29/05/11,,,05/08/2011,IP Flex,10Mbps,,AeC,,IP Flex - 10Mbps,Rua Sapucaí,Concluído,,01/08/2011,"767,70","35,00",,"802,70",,,,"0,00",Incompleta,"802,70"
OS184/2011,Ricardo,Serviços técnicos,29/07/11,,,03/08/2011,,,,Telbrax,,Transporte dos materias da Expominas para Telbrax,Expominas e Telbrax,Concluído,,03/08/2011,,,"200,00","200,00",,,"200,00","200,00",Ok,"0,00"
OS185/2011,Ricardo,Manutenção,01/08/11,,,03/08/2011,,,,Telbrax,,"Manutenção de Rede, troca de poste da CEMIG ",Av. Contorno com Rua Levindo Lopes,Concluído,,03/08/2011,,,,"0,00","10,10",,"320,00","330,10",Ok,"-330,10"
OS186/2011,Ricardo,Manutenção,01/08/11,,,04/08/2011,,,,Telbrax,,Manutenção na Rede - Troca de Poste CEMIG,Rua Paracatu,Concluído,,04/08/2011,"51,02",,"390,00","441,02","51,02",,"390,00","441,02",Ok,"0,00"
OS187/2011,Ricardo,Manutenção,05/08/11,,,31/08/2011,,,,Telbrax,,Fechamento Manutenção de Acidente - Próximo a V&M,Próximo a V&M,Concluído,,02/09/2011,,,,,,,"250,00","250,00",Ok,"-250,00"
OS188/2011,Ricardo,Manutenção,05/08/11,,,31/08/2011,,,,Telbrax,,Fechamento Manutenção de Acidente - rede subterrânea Centro,R. Rio de Janeiro,Concluído,,02/09/2011,,,,,,,"350,00","350,00",Ok,"-350,00"
OS189/2011,Ariana,Implantação,04/08/11,,,28/08/2011,EILD,,,CTBC,Hiper Carijos,,"Waldyr Emrich, 3426, loja 3, Santa Helena",Concluído,,26/08/2011,"3.347,16","675,00","1.626,55","5.648,71","4.637,00",,"1.702,00","6.339,00",Ok,"-690,29"
OS190/2011,Rubens,Manutenção,05/08/11,,,06/08/2011,,,,Telbrax,,Manutenção no cordão óptico da porta trunk com ECI,"Av. Prof. Magalhães Penido, 77 - Aeroporto",Concluído,,06/08/2011,,,,"0,00",,,,"0,00",Ok,"0,00"
OS191/2011,Ruan,Expansão,08/08/11,PE054/2011,,30/10/2011,,,,Telbrax,,Implantação de dutos na Av. Amazonas -  Parceria Vivo,Av. Amazonas,Em Execução,José Fernando - Previsão 04/2012 (falta travessia Antiga Aimoré),,"60.524,00",,"300.918,00","361.442,00","860,00",,"3.920,00","4.780,00",-,"356.662,00"
OS192/2011,Ariana,Implantação,09/08/11,,,02/09/2011,EILD,2Mbps,,CTBC,HOLDING SERVICER S.A.,,"Av. Rio de Janeiro, 2702 - Belo Horizonte - Bairro Lourdes – CEP 30.160-040",Cancelada,José Fernando 01/09/2011 - Pendencia Cliente,19/09/2011,"1.507,25","525,00","590,40","2.622,65","1.094,91","525,00","972,74","2.592,65",-,"30,00"
OS193/2011,Paulo,Implantação,11/08/11,PE?,,24/08/2011,,,,Telbrax,,Ativação da rede de Gerência dos POPs (Rede SMC - Voip e CFTV),POPs Telbrax,Concluído,,24/08/2011,,,,"0,00",,,,"0,00",Ok,"0,00"
OS194/2011,Djalma,Expansão,12/08/11,,,10/11/2011,,,,Telbrax,,Expansão de rede na Pedro I,Av. Santa Rosa até Cristiano Guimarães,Em Execução,Execução Sudecap (José Fernando),,"58.270,02",,"3.333,33","61.603,35",,,,"0,00",-,"61.603,35"
OS195/2011,Ruan,Expansão,16/08/11,PE054/2011,,04/09/2011,,,,Telbrax,,Implantação de dutos no Luxemburgo - Parceria Vivo,"Av. Raja Gabaglia, esq. com Barão Homem de Melo",Suspensa,Ruan - Pendencia por prioridade,,"12.118,60",,"103.110,00","115.228,60",,,,"0,00",-,"115.228,60"
OS196/2011,Ariana,Implantação,16/08/11,,15,23/09/2011,IP Flex,6Mbps,,Inteliglobe Communications Ltda,,Instalação via rádio,"Philips Lagoa Santa - Rua Prefeito Elizeu Alves,400 - Lagoa Santa - MG - CEP 3340-000",Concluído,Executado pela Cemig Telecom - Last Mile,28/09/2011,,,"2.676,24","2.676,24",,,,"0,00",Incompleta,"2.676,24"
OS197/2011,Djalma,Expansão,12/08/11,PE092/2011,4,15/08/2011,,,,Telbrax / WiBand,,"Construção de duto na Av. Carlos Luz, alça de acesso Shoppping Del Rey","Av.Carlos Luz, passarela do Shopping Del Rey, sentido centro / bairro",Concluído,,13/08/2011,"476,00",,"2.170,00","2.646,00","280,80",,"2.575,00","2.855,80",Ok,"-209,80"
OS198/2011,Djalma,Implantação,17/08/11,PE086/2011,3,20/08/2011,Fibra Apagada,,,Unimed / Ativas,,Implantação de novo circuito para atendimento entre Sede - HU - Ativas,"Rua Francisco Sales 1483 / Av. do Contorno, 3003 / Rua Itambé, 14",Concluído,,19/08/2011,"1.796,45","1.270,00","475,50","3.541,95",,,,"0,00",Incompleta,"3.541,95"
OS199/2011,Ariana,Implantação,17/08/11,,3,21/08/2011,IP Flex Multi,20Mbps,,A&C,,Instalar Ponta B e converter o circuito BHE-07-0024-01-009 em IF Multi 20Mbps,"Rua Sapucaí, 429 / Rua Espírito Santo 461",Concluído,,18/08/2011,,,,"0,00",,,,"0,00",Ok,"0,00"
OS200/2011,Wendell,Expansão,18/08/11,PE092/2011,,31/10/2011,,,,Telbrax / WiBand,,Implantação Rede Cachoeirinha até Eng. Nogueira,Interligação Cachoeirinha até Eng. Nogueira através Swap Telbrax / WiBand,Concluído,,08/02/2012,"69.012,00",,,"69.012,00",,,,"0,00",Incompleta,"69.012,00"
OS201/2011,Ruan,Expansão,18/08/11,PE060/2011,30,18/09/2011,,,,Telbrax,,Implantação do medidor e remanejamento do Almoxarifado,"Rua Pirapetinga, 322 - Serra",Concluído,,,"7.899,44","0,00","17.893,32","25.792,76",,,,"0,00",Incompleta,"25.792,76"
OS202/2011,Gabriel,Manutenção,18/08/11,,,19/08/2011,EILD,,,CTBC,Papa Seguros,Refazer fusão da CTO Cliente,"Av. Getulio Vargas, 271",Concluído,,22/09/2011,,,,"0,00",,,,"0,00",Ok,"0,00"
OS203/2011,Djalma,Manutenção,22/08/11,,5,26/08/2011,,,,Telbrax,,"Remanejamento de rede aérea para subterrâneo, utilizando rede nova.","Rua Antônio de Albuquerque, entre Alagoas e Pça da Savassi, cabo AC0402A.",Concluído,,03/09/2011,"2.456,50","0,00","4.223,00","6.679,50",,,,"0,00",Incompleta,"6.679,50"
OS204/2011,Djalma,Manutenção,23/08/11,,,26/08/2011,,,,Telbrax,,emenda e testes no cabo remanejado na OS203/2011,"CS#0401, CS#0405 e TOA DG do prédio.",Concluído,,03/09/2011,"1.351,60",1980,220,"3.551,60","2.875,20","1.980,00","1.726,00","6.581,20",Ok,"-3.029,60"
OS205/2011,Ariana,Alteração de Serviço,24/08/11,,,24/08/2011,IP Flex,5Mbps,,Belvitur,,,Rua Santa Catarina 1631 – 9º andar – Lourdes – Belo Horizonte – Minas Gerais,Concluído,,24/08/2011,,,,"0,00",,,,"0,00",Ok,"0,00"
OS206/2011,Djalma,Manutenção,24/08/11,,,17/09/2011,,,,Telbrax,,Execução de fusões no trecho do Boulevard Arrudas,,Concluído,,26/09/2011,"16.718,46","32.840,00","852,00","50.410,46","12.475,26","32.840,00","596,40","45.911,66",Ok,"4.498,80"
OS207/2011,Ariana,Implantação,25/08/11,,5,30/08/2011,Cross Connect,,,Century Telecom,,Inserção de cliente no PTT- MG,,Concluído,,30/08/2011,"321,90","400,00","390,00","1.111,90","215,70","400,00","462,00","1.077,70",Ok,"34,20"
OS208/2011,Ariana,Implantação,25/08/11,,5,30/08/2011,Cross Connect,,,Century Telecom,,Cabo de interligação ao PTT de acordo com a viabilidade ,,Concluído,,31/08/2011,,,,"0,00",,,,"0,00",Ok,"0,00"
OS209/2011,Ariana,Cancelamento,25/08/11,,0,25/08/2011,EILD,1Mbps,,CTBC,G.V.Negocios Imobiliarios,,"Rua Bernardo Guimarães, 895, funcionários",Concluído,,29/08/2011,,,,"0,00",,,,"0,00",Ok,"0,00"
OS210/2011,Ariana,Cancelamento,25/08/11,,0,25/08/2011,EILD,1Mbps,,CTBC,Coferco Controles,,"Rua Carioca, 234, Padre Eustaquio",Concluído,,29/08/2011,,,,"0,00",,,,"0,00",Ok,"0,00"
OS211/2011,Djalma,Manutenção,29/08/11,,,30/08/2011,,,,Banco BMG,,Migração de connect flex para demarc e liberação de fibra para link FA JP p/ AC,"Av. João Pinheiro, 190 para Av. álvares Cabral, 1770",Concluído,30/08/2011,30/08/2011,,,,"0,00",,,,"0,00",Ok,"0,00"
OS212/2011,Wendell,Manutenção,30/08/11,,,04/05/2012,,,,Telbrax,,Detectar problema das fibras 17 a 24. ,Rua Geraldo Teixeira da Costa c/ Rua Itambé,Em Execução,Planejamento de Execução (Djalma),,"3.808,10","1.980,00","4.223,00","10.011,10",,,,"0,00",-,"10.011,10"
OS213/2011,Wendell,Manutenção,30/08/11,,,03/10/2011,,,,Telbrax,,Cabo curto devido a emenda criada pelo rompimento,"Av. Barão Homem de Melo, 4301",Suspensa,Planejamento de Execução (Djalma) - Depende OS195/2011,,"2.466,76",,"707,00","3.173,76",,,,"0,00",-,"3.173,76"
OS214/2011,Wendell,Manutenção,30/08/11,,,03/10/2011,,,,Banco BMG,,Rompimento BMG Barreiro,"Rua Barão Monte Alto, 384",Suspensa,Planejamento de Execução (Djalma),,"2.990,22","875,00","0,00","3.865,22",,,,"0,00",-,"3.865,22"
OS215/2011,Wendell,Manutenção,30/08/11,,,03/10/2011,,,,TIVIT,,Remanejamento rede interna da V&M,Av. Tereza Cristina Portão 2,Concluído,"Serviço já executado, sem a OS em mãos.",,,,,"0,00",,,,"0,00",Ok,"0,00"
OS216/2011,Wendell,Manutenção,30/08/11,,,03/10/2011,,,,Telbrax,,Retirada Poste da Travessia - Fonte Grande - Deverá ser executado pela Matrel,Travessia da Linha onde foi realizada MND,Cancelada,Os criada duplicada com número 254/2011,,,,"430,00","430,00",,,,"0,00",-,"430,00"
OS217/2011,Wendell,Manutenção,30/08/11,,,03/10/2011,,,,Telbrax,,Foram criadas 3 emendas no percurso de 900M. devido aos rompimento do cabo,Rua Haecket Ben Hur Salvador p/ Av. João Cesar de Oliveira e Rua José Diniz e Silva,Cancelada,Os criada duplicada com número 254/2011,,"2.990,22",,"875,00","3.865,22",,,,"0,00",-,"3.865,22"
OS218/2011,Djalma,Manutenção,08/09/11,,4,12/09/2011,,,,Telbrax,,Remanejamento de rede Savassi - construção de duto e travessia aérea nova Getúlio Vargas 1420,,Concluído,,10/09/2011,"153,38","990,00","741,50","1.884,88",,,,"0,00",Incompleta,"1.884,88"
OS219/2011,Djalma,Retirada de Equipamento,31/08/11,,5,05/09/2011,,,,Unimed Arapiara,,Retirada das fusões do Hospital Arapiara da caixa de emenda em frente ao mesmo,"Av. do Contorno, 2983",Concluído,,23/09/2011,,"180,00",,"180,00",,,,"0,00",Ok,"180,00"
OS220/2011,Ariana,Implantação,01/09/11,,9,09/09/2011,Connect Flex,10 Mbps,,EPC Engenharia Projeto Consultoria S.A,,,"Ponta A:Rua Barão Homem de Mello,4324-5° andar/ Ponta B:Rua Barão Homem de Mello,4554,7° andar",Concluído,,13/09/2011,"2.217,53","930,00","600,60","3.748,13","2.493,49","930,00","832,76","4.256,25",Ok,"-508,12"
OS221/2011,Ariana,Implantação,01/09/11,,17,18/09/2011,Connect Flex,2 Mbps,,Via Telecom,,,"Ponta A: Av. Prof. Mário Werneck 42  - Estoril/ Ponta B:Av. Dep. Cristovam Chiaradia, 540 - Buritis.",Cancelada,,30/09/2011,,,,"0,00",,,,"0,00",-,"0,00"
OS222/2011,Ariana,Implantação,08/09/11,,15,23/09/2011,IP Flex,5 Mbps,,Jasper,,Link IP Flex 5 Mbps,"Rua Desembargador Jorge Fontana, 476-4° andar",Concluído,,13/10/2011,"1.729,93","300,00","127,80","2.157,73","1.679,56","300,00","350,00","2.329,56",Ok,"-171,83"
OS223/2011,Ariana,Alteração de Serviço,08/09/11,,1,08/09/2011,Connect Flex,4 Mbps,,A&C,,Alteração da velocidade de 4Mbps para 5Mbps,"Ponta A: Rua Bonfim 280, Bonfim / Ponta B: Av Barbacena,1200",Concluído,,08/09/2011,,,,"0,00",,,,"0,00",Ok,"0,00"
OS224/2011,Ariana,Implantação,08/09/11,,10,19/09/2011,IP Flex On Demand,5 Mbps,,Direcional,,,"Rua Grão Pará, 466 - Santa Efigênia",Cancelada,,,,,,"0,00",,,,"0,00",-,"0,00"
OS225/2011,Ariana,Implantação,08/09/11,,60,08/11/2011,Fibra Apagada,,,Banco Rural,,,"Ponta A:Rua Rio de Janeiro, 972, (garagem) Centro/Ponta B: Rua dos Goitacazes, 250, Centro",Suspensa,"Pendente cliente, aguardando liberação",,"13.589,07","3.380,00","16.071,90","33.040,97","5.307,20","2.590,00","17.682,00","25.579,20",-,"7.461,77"
OS226/2011,Andrea,Implantação,08/09/11,,8,16/09/2011,IP Flex,6 Mbps,,CIMCORP,,Link IP Flex 5 Mbps,"Rua Paraíba, 1323 - 3 andar",Concluído,,14/09/2011,"1.234,37","235,00",,"1.469,37",,,,"0,00",Incompleta,"1.469,37"
OS227/2011,Ricardo,Manutenção,02/09/11,,,05/09/2011,,,,Telbrax,,,Rua Antônio Gonçalves Neto,Concluído,,09/09/2011,"21,62","0,00","250,00","271,62","21,62",,"250,00","271,62",Ok,"0,00"
OS228/2011,Ricardo,Manutenção,02/09/11,,,05/09/2011,,,,Telbrax,,Manutenção Unimed prox. praça Cemig,Fonte Grande,Concluído,,09/09/2011,"11,86","0,00","250,00","261,86","11,86",,"250,00","261,86",Ok,"0,00"
OS229/2011,Ariana,Implantação,12/09/11,,20,01/10/2011,EILD,5 Mbps,,CTBC,SITTA SOC CORRETORA,,"Rua Rio Grande do Norte, 988 - Belo Horizonte/MG - Cep: 30.130-131",Concluído,,26/09/2011,"2.887,01","305,00","1.058,40","4.250,41","2.828,19","370,00","1.199,95","4.398,14",Ok,"-147,73"
OS230/2011,Ruan,Expansão,12/09/11,,45,01/01/2012,,,,Telbrax,,"Expansão do Datacenter: QGBT, PDU, Gerador, Ar Condicionado, No-Break, Sistema de Combate a Incêndio","Rua Pirapetinga, 322 - Sl. 309 - Serra",Concluído,Ruan - Previsão 03/2012,,"42.000,00",,"7.800,00","49.800,00",,,,,Incompleta,"49.800,00"
OS231/2011,Mário,Implantação,15/09/11,,20,05/10/2011,EILD,150 Mbps,,INTELIG,EQUANT BRASIL,Implantação EILD 150 Mbps,"Ponta A: Av. Raja Gabáglia, 1781 - / Ponta B: Av. Brasil, 1438, Sala 701 - Funcionários",Concluído,,04/10/2011,"5.894,36","790,00","788,10","7.472,46",,,,,Incompleta,"7.472,46"
OS232/2011,Mário,Implantação,15/09/11,,20,05/10/2011,EILD,150 Mbps,,INTELIG,EQUANT BRASIL,Implantação EILD 150 Mbps,"Ponta A: Av. Raja Gabáglia, 1781 - / Ponta B: Av. Brasil, 1438, Sala 701 - Funcionários",Cancelada,Verificar cancelamento com Andrea,23/09/2011,"0,00","120,00","0,00","120,00","840,45",,"763,50","1.603,95",-,"-1.483,95"
OS233/2011,Djalma,Expansão,14/09/11,PE096/2011,30,14/10/2011,,,,Telbrax,,Implantação de rede com redundância para ampliação e atendimento na região,"Rua Solferina Ricci Pace, 470 / Av. Raja Gabaglia, 1781",Concluído,,21/09/2011,"61.101,67","10.700,00","21.380,00","93.181,67","27.798,62",,"11.012,00","38.810,62",Ok,"54.371,05"
OS234/2011,Mário,Implantação,20/09/11,,15,29/09/2011,Connect Flex,100Mbps,,SEI Engenharia Ltda.,,Implantação de Connect Flex de 100 Mbps,"Ponta A: Av. Afonso Pena 1500-9° andar, Centro/ Ponta B: Rua Urucuia, 48, Floresta",Concluído,,30/09/2011,"5.309,67","1.025,00","939,50","7.274,17","2.722,96",,"1.328,00","4.050,96",,"3.223,21"
OS235/2011,Djalma,Implantação,21/09/11,,2,23/09/2011,Back Up link,,,Telbrax,PPI Montreal,Implantação de uma nova rota para back up do PPI montreal Pampulha,"POP PRO - Rua Padre Rolim, 18 - Santa Efigênia / PPI - Av. Magalhães Penido, 77 Pampulha",Concluído,,21/09/2011,"577,62","165,00",,"742,62",,,,,,"742,62"
OS236/2011,Mário,Alteração de Serviço,22/09/11,,,23/09/2011,EILD,4 Mbps,,CTBC,Vila Nova,Alteracao de velocidade para 4 Mbps,"Rua Senador Milton Campos,  35 Vila da serra - Nova Lima MG",Concluído,,22/09/2011,,,,"0,00",,,,,,"0,00"
OS237/2011,Mário,Cancelamento,23/09/11,,,23/09/2011,Fibra Apagada,,,Belvitur,Belvitur,Cancelamento de link de fibra apagada,"Ponta A:Rua Professor Antônio Aleixo, 604 - Lourdes/ Ponta B: Rua Curitiba, 2327 - Lourdes",Concluído,,05/10/2011,,,,"0,00",,,,,,"0,00"
OS238/2011,Ricardo,Expansão,26/09/11,,,26/09/2011,,,,Telbrax,,Ampliação de Caixa Subt R2 Rua da Bahia,Rua da Bahia,Concluído,,26/09/2011,,,,"0,00","430,00",,"1.080,00","1.510,00",,"-1.510,00"
OS239/2011,Mário,Implantação,26/09/11,,25,23/10/2011,EILD,5 Mbps,,Global Crossing,Geraldo Corrêa Corr. de Val. Mobiliários S/A ,Implantação de EILD 5 Mbps,"Ponta A:Av. Brasil, 1438 sl. 604  / Ponta B: Rua Josafá Belo,234  - Cidade Jardim",Concluído,,18/11/2011,"2.981,35","525,00","967,30","4.473,65",,,,,,"4.473,65"
OS240/2011,Mário,Implantação,26/09/11,,25,21/10/2011,EILD,5 Mbps,,Global Crossing,Geraldo Corrêa Corr. de Val. Mobiliários S/A ,Implantação de EILD 5 Mbps,"Ponta A:Av. Brasil, 1438 sl. 604  / Ponta B: Rua Josafá Belo,234  - Cidade Jardim",Suspensa,,,,,,"0,00",,,,,,"0,00"
OS241/2011,Mário,Mudança de Endereço,29/09/11,,,29/09/2011,Fibra Apagada,,,UNIMED,,Mudança de endereço de circuito de fibra apagada,"Ponta A: Av. Francisco Sales, 1483 - Santa Efigênia CEP 30.150-221/ Ponta B: Rua Gonçalves Dias, 201. ( Nas Gonçalves dias",Concluído,,03/11/2011,"1.790,01","480,00","792,20","3.062,21",,,,,,"3.062,21"
OS242/2011,Wendell,Manutenção,29/09/11,,1,30/09/2011,IP Flex,1 Mbps,,Hospital Vila da Serra,,Alteração da Sala de atendimento,"Alameda da Serra, 499 - Vila da Serra",Concluído,,30/09/2011,"0,00","120,00","0,00","120,00",,,,,,"120,00"
OS243/2011,Mário,Implantação,29/09/11,PE110/2011,10,09/10/2011,Connec Flex DUO,100Mbps,,MRV Engenharia,,Implantação Connect Flex Duo 100 Mbps," Ponta A: Av. Raja Gabaglia, 2720, Estoril - BH/MG - Ponta B: Av. Amazonas, 491, centro - BH/MG",Concluído,,24/10/2011,"8.148,10","2.180,00","6.996,00","17.324,10","8.147,00","2.180,00","12.024,00","22.351,00",,"-5.026,90"
OS244/2011,Mário,Implantação,29/09/11,PE110/2011,30,29/10/2011,Fibra Apagada,,,MRV Engenharia,,Implantação Fibra Apagada,"Ponta A: Av. Raja Gabáglia, 2720, Estoril - BH/MG - Ponta B: Av. Mário Werneck, 120,BH/MG",Concluído,,01/11/2011,"6.609,76","1.410,00","3.138,40","11.158,16",,,,,,"11.158,16"
OS245/2011,Ricardo,Manutenção,30/09/11,,,30/09/2011,,,,Telbrax,,Manutenção da Rede - Troca de Poste CEMIG,Rua Walter Guimarães esquina com Vitório Magnavacca,Concluído,,03/10/2011,,,,"0,00","42,70",,"600,00","642,70",,"-642,70"
OS246/2011,Ricardo,Manutenção,03/10/11,,,03/10/2011,,,,Telbrax,,Manutenção da Rede - Troca de Poste CEMIG,Rua Prof. Estevão Pinto com Rua Trifana,Concluído,,03/10/2011,,,,"0,00",,,"250,00","250,00",,"-250,00"
OS247/2011,Ricardo,Manutenção,03/10/11,,,03/10/2011,,,,Telbrax,,Manutenção da Rede - Instalação de Raquete - Serra do Curral,Serra do Curral,Concluído,,03/10/2011,,,,"0,00","76,30",,"250,00","326,30",,"-326,30"
OS248/2011,Pedro,Alteração de Serviço,06/10/11,,11,17/10/2011,,40 Mbps,,Banco BMG,,Alteração de velocidade temporária de 10 Mbps para 40 Mbps durante 10 dias a partir do dia 07/10/2011,"Ponta A: Av. João Pinheiro, 190  / Ponta B: Av. Getúlio Vargas, 668 6º Andar, Funcionários ",Concluído,,07/10/2011,,,,"0,00",,,,,,"0,00"
OS249/2011,Mário,Implantação,10/10/11,,25,04/11/2011,EILD,5 Mbps,,CTBC,CORRETORA RUY LAGE,Implantação EILD 5 Mbps,"Ponta A: Avenida Afonso Pena, 2484 - Funcionários - Belo Horizonte/MG - CEP. 30130-007/ Ponta B: AV. DO CONTORNO, 5351 - 16º ANDAR - CRUZEIRO - BELO HORIZONTE/MG",Concluído,,07/11/2011,"3.316,67","450,00","920,20","4.686,87","1.747,34","450,00","683,00","2.880,34",,"1.806,53"
OS250/2011,Mário,Implantação,11/10/11,,25,05/11/2011,EILD,100 Mbps,,Global Crossing,PRIMESYS SOLUÇÕES EMPRESARIAIS S.A,Implantação EILD 100 Mbps,"Ponta A: : Av. Brasil, 1438 sl. 604 – Belo Horizonte - MG/ Ponta B: Rua da Bahia, 951 - 5º andar - Centro Belo Horizonte/MG - CEP: 30160-011",Cancelada,,09/11/2011,"7782,88","2.255,00","3.090,00","13.127,88","5.294,60","2.255,00","3.400,20","10.949,80",,"2.178,08"
OS251/2011,Mário,Alteração de Serviço,11/10/11,,,11/10/2011,IP Flex,8Mbps,,Quality,,Alteração de velocidade de 4 Mbps para 8 Mbps. ,"Ponta A: Av. Afonso Pena, 3761 - Serra",Concluído,,13/10/2011,,,,"0,00",,,,,,"0,00"
OS252/2011,Pedro,Manutenção,07/10/11,,,15/10/2011,,,,,,Manutenção Preventiva -Rota Belvedere - Serra e Rota Serra - PRO (Padre Rolim),Av. do Contorno/ Av. Nossa Senhora do Carmo/ Praça Nelson Gouveia/ Rua Santa Rita Durão,Concluído,,02/11/2011,"45,72","0,00","640,00","685,72",,,,,,"685,72"
OS253/2011,Pedro,Manutenção,07/10/11,,,15/10/2011,,,,,,Manutenção Preventiva - Rota POP Barro Preto - POP Contagem(Unimed),Av. Pedro II / Av. David Sarnoff / Rua Rio Paraopeba / Rua Rio Jaguaripe / ...,Concluído,,01/11/2012,"115,68","0,00","1.060,00","1.175,68",,,"670,00","670,00",,"505,68"
OS254/2011,Pedro,Manutenção,07/10/11,,,15/10/2011,,,,,,Manutenção Preventiva - Rota POP Contagem - Bairro Cinco (Fonte Grande),Rua Caetano / Rua Professor Aureliano / Rua Eugênia Sá Fortes / Av. José Diniz Silva / Av. João César,Concluído,,26/03/2012,"118,03","0,00","1.285,00","1.403,03","668,45",,"2.450,00","3.118,45",,"-1.715,42"
OS255/2011,Mário,Implantação,13/10/10,,15,28/10/2010,Fibra Apagada,,,Unimed,,Implantação Fibra Apagada Unimed (Francisco Sales / Inconfidentes),"Ponta A: Av. Francisco Sales, 1483 - Santa Efigênia / Ponta B: Rua dos Inconfidentes, 44 Funcionários",Concluído,,10/11/2011,"1.063,17","395,00","371,70","1.829,87",,,,,,"1.829,87"
OS256/2011,Ruan,Implantação,20/10/11,,5,25/10/2011,,,,Telbrax / Valenet,,Implantação do POP QLT RPT,"Av. Afonso Pena, 3761 - Serra - Belo Horizonte",Concluído,,,"3.256,40",,"200,00","3.456,40","143,00",,"320,00","326,30",,"3.130,10"
OS257/2011,Mário,Implantação,21/10/11,,7,28/10/2011,Fibra Apagada,,,Telbrax,,Implantação de fibra Apagada,"Ponta A: Rua Pirapetinga, 322 Conj 309. 3º andar/Ponta B: Rua Pirapetinga, 322, Loja 04",Concluído,Wendell - Previsão 22/11/2011 (Pendência Projeto interno Ruan),10/01/2012,,,,,,,,,,"0,00"
OS258/2011,Mário,Implantação,21/10/11,,10,31/10/2011,EILD,10 Mbps,,Global Crossing,Mercantil do Brasil Corretora SA Camb TS VS Mobils,Implantação de EILD 10 Mbps,"Ponta A: Av. Brasil, 1438, Sl 604 - Belo Horizonte/ Ponta B: Rua rio de Janeiro , 654, Belo Horizonte",Concluído,,09/11/2011,"1.466,86","235,00","0,00","1.701,86",,,,,,"1.701,86"
OS259/2011,Pedro,Manutenção,20/10/11,,,20/10/2011,,,,,,Retencionamento cabo existente AV. Amazonas,Av. Amazonas,Concluído,,,,,,"0,00",,,"500,00","500,00",,"-500,00"
OS260/2011,Mário,Implantação,25/10/11,,20,14/11/2011,EILD,34 Mbps,,Intelig Telecomunicações Ltda.,,Implantação de EILD Intellig/Almaviva,"Ponta A: Rua Jornalista Geraldo Teixeira Costa, 69, Floresta/ Ponta B: R. Solferina Ricci Paci, 470, Vale do Jatobá",Concluído,,18/11/2011,"2.450,81","420,00","723,00","3.593,81",,,,"0,00",,"3.593,81"
OS261/2011,Mário,Implantação,25/10/11,,20,14/11/2011,EILD,2 Mbps,,Intelig Telecomunicações Ltda.,Aeroportos,Implantação de EILD Intelig/ Aeroportos,"Ponta A: Av. Raja gabáglia, 1781 - / Ponta B: Praça Bagatelle, 204, São Luiz (Infraero)",Concluído,,19/03/2012,"4.223,52","495,00","1.697,00","6.415,52","4.763,60","420,00","2.633,32","7.816,92",,"-1.401,40"
OS262/2011,Mário,Implantação,25/10/11,,15,09/11/2011,IP Flex,5 Mbps,,AeC Centro de Contatos SA,,Implantação Connect Flex," Ponta B: Av. Augusto de Lima, 1263, Barro Preto",Concluído,"Pendência na tubulação interna do cliente, sem previsão, Cliente ciente",01/12/2011,"1.215,97","240,00","767,70","2.223,67","1.229,59","240,00","1.556,60","3.026,19",,"-802,52"
OS263/2011,Mário,Implantação,27/10/11,,1,28/10/2011,IP Flex,4 Mbps,,Condominio Afonso Pena Flat Service Quality,,Implantação de Ip Flex temporário,"Ponta A: Av. Afonso Pena, 3761, Serra - BH/MG",Concluído,,27/10/2011,"1.563,50","125,00",,"1.688,50",,,,"0,00",,"1.688,50"
OS264/2011,Mário,Implantação,27/10/11,,25,21/11/2011,EILD,5 Mbps,,GLOBAL CROSSING COMUNICAÇÕES DO BRASIL LTDA,SITA SOC. CORRET. DE CÂMBIO E VALS. MOBILS. S/A,Implantação de EILD 5 Mbps,"Ponta A: Av. Brasil, 1438, Sl 604 - Belo Horizonte/ Ponta B: Rua Rio Grande do Norte, 988 - Belo Horizonte/MG",Concluído,,21/11/2011,"5.197,24","565,00","4.959,15","10.721,39","5.034,97","565,00","5.187,20","10.787,17",,"-65,78"
OS265/2011,Mário,Implantação,28/10/11,,7,04/11/2011,,,,UNIMED,,Implantação de infra a pedido da Unimed,"Rua dos Inconfidentes, 44, Funcionários - BH/MG",Concluído,,08/11/2011,,,,"0,00",,,,"0,00",,"0,00"
OS266/2011,Mário,Implantação,03/11/11,,25,30/11/2011,EILD,5 Mbps,,GLOBAL CROSSING COMUNICAÇÕES DO BRASIL LTDA,CORRETORA RUY LAGE,Implantação de EILD 5 Mbps,"Ponta A: Av. Brasil, 1438, Sl 604, Funcionários / Ponta B:  Av. Afonso Pena, 2484, Funcionários",Concluído,José Fernando - Previsão 25/11/2011,24/11/2011,"2.949,61","420,00","2.301,10","5.670,71","2.849,00","420,00","2.012,00","5.281,00",,"389,71"
OS267/2011,Ruan,Expansão,03/11/11,,1,03/11/2011,,,,Telbrax,,Implantação de dutos na Savassi - Geral,Praça Digo de Vasconcelos,Concluído,,03/11/2011,,,,"171.963,12",,,,"0,00",,"171.963,12"
OS268/2011,Ruan,Implantação,03/11/11,,1,03/11/2011,,,,Algar Telecom,,Fornecimento de dutos p/ Algar na Savassi,Praça Digo de Vasconcelos,Concluído,,03/11/2011,,,,"110.000,00",,,,"0,00",,"110.000,00"
OS269/2011,Ruan,Implantação,03/11/11,,1,03/11/2011,,,,Prodabel,,Fornecimento de dutos p/ Prodabel na Savassi,Praça Digo de Vasconcelos,Concluído,,03/11/2011,,,,"25.000,00",,,,"0,00",,"25.000,00"
OS270/2011,Ruan,Implantação,03/11/11,,1,03/11/2011,,,,Embratel,,Troca de dutos com a Embratel na Savassi,Praça Digo de Vasconcelos,Concluído,,03/11/2011,,,,"0,00",,,,"0,00",,"0,00"
OS271/2011,Pedro,Manutenção,03/11/11,,1,03/11/2011,,,,,,Redisposição de cabo,Rua Itapagipe,Concluído,,03/11/2011,,,,"0,00",,,"483,12","483,12",,"-483,12"
OS272/2011,Pedro,Manutenção,03/11/11,,1,03/11/2011,,,,,,Acidente de rede Av. Cristóvão Chara,Av. Cristóvão Chara,Concluído,,03/11/2011,,,,"0,00",,,"672,00","672,00",,"-672,00"
OS273/2011,Ruan,Expansão,03/11/11,,13,16/11/2011,,,,Telbrax,,Canalização da Rua Antônio de Albuquerque,Rua Antônio de Albuquerque entre Rua Sergipe e Rua Alagoas,Concluído,,20/04/2012,"2.840,00","0,00","15.045,00","17.885,00","1.200,00","0,00","20.206,00","21.406,00",,"-3.521,00"
OS274/2011,Wendell,Implantação,03/11/11,,1,04/11/2011,Connect Flex,20 Mpbs,,Telbrax,Transit,Implantação de Connect Flex 20 Mbps,"Ponta A: Rua Rio Grande do Norte, 726, Funcionários/ Ponta B: Rua Pirapetinga - POP SRA",Concluído,,07/11/2011,"1.646,70","370,00","652,75","2.669,45","1.872,96","370,00","528,00","2.770,96",,"-101,51"
OS275/2011,Mário,Implantação,04/11/11,,25,29/11/2011,EILD,15 Mbps,,CTBC,TRANSIT DO BRASIL S.A.,Implantação EILD 5 Mbps,"Ponta A: RUA RIO GRANDE DO NORTE, 726 - SALA 201 - FUNCIONÁRIOS / Ponta B: AV. DO CONTORNO, 5351 - 16º ANDAR - CRUZEIRO",Cancelada,,18/11/2011,"3.810,41","390,00","3.088,00","7.288,41","3.790,66","390,00","825,00","5.005,66",,"2.282,75"
OS276/2011,Mário,Implantação,07/11/11,,25,02/12/2011,EILD,10 Mbps,,Global Crossing,H H PICCHIONI S/A CORRETORA DE CAMBIO E VAL. MOB,Implantação EILD 10 Mbps,"Ponta A: Av. Brasil, 1438 sl 604- BH/MG - Ponta B: Av. Bernardo Monteiro, 1539, BH/MG",Concluído,,18/11/2011,"517,32","380,00","0,00","897,32",,,,"0,00",,"897,32"
OS277/2011,Mário,Manutenção,09/11/11,,2,11/11/2011,,,,Telbrax,,Rompimento devido a queima do cabo causado pela rede metálica da Oi,"Rua serro, 484, Bonfim ( Próximo ao cemitério do Bonfim)",Concluído,,11/11/2011,,,,"0,00","100,00",,"666,60","766,60",,"-766,60"
OS278/2011,Mário,Implantação,01/11/11,,,01/11/2011,IP Flex,2 Mbps,,Cultura Inglesa MG Ltda,,Implantação IP Flex 2 Mbps,"Ponta A: Rua  Jornalista Djalma Andrade, 46, 4º andar, Belvedre - BH/MG",Concluído,José Fernando - Previsão 25/11/2011,23/11/2011,"2.511,63","515,00","515,40","3.542,03",,,,"0,00",,"3.542,03"
OS279/2011,Mário,Cancelamento,11/11/11,,,11/11/2011,IP Flex,4 Mbps,,Condominio Afonso Pena Flat Service Quality,,Cancelamento de link temporário de IP Flex 4 Mbps,"Ponta A: Av. Afonso Pena, 3761 - Serra",Concluído,,11/11/2011,,,,"0,00",,,,"0,00",,"0,00"
OS280/2011,Mário,Implantação,16/11/11,,12,28/11/2011,IP Flex,10 Mbps,,Interaction Design Association - Belo Horizonte,,Implantação de IP Flex temporário de 10 Mbps (Evento),"Ponta A: Rua Diamantina, 563, lagoinha, BH/MG ",Concluído,Pendência de definição de local para equipamentos do cliente,30/11/2011,"2.770,91","420,00","348,50","3.539,41","362,74","420,00","302,50","1.085,24",,"2.454,17"
OS281/2011,Mário,Implantação,16/11/11,,2,18/11/2011,EILD,5 Mbps,,Global Crossing,Geraldo Corrêa Corr. de Val. Mobiliários S/A ,Implantação de EILD 5 Mbps,"Ponta A:Av. Brasil, 1438 sl. 604  / Ponta B: Rua Josafá Belo,234  - Cidade Jardim",Concluído,,18/11/2011,,,,"0,00",,,,"0,00",,"0,00"
OS282/2011,Mário,Implantação,18/11/11,,10,25/11/2011,Fibra Apagada,,,Grupo Master Brasil,,Implantação de fibra Apagada,"Ponta A: Rua Espírito Santo, 616, Centro - BH-MG / Ponta B: Av. Raja Gabáglia, 1781, luxemburgo - BH/MG",Concluído,J.F. - Previsão lançamento interno 22/11,30/11/2011,"644,46","520,00","319,50","1.483,96","622,14","520,00","480,00","1.622,14",,"-138,18"
OS283/2011,Mário,Implantação,17/11/11,,18,05/12/2011,Connect Flex Multi,10 Mbps,,Axial,,Implantação de Connect Flex 10 Mbps,"Ponta A: Rua Emídio Quites, 100 , Saudade - Itabiriro/MG/ Ponta B: Av. Bernardo Monteiro, 1472, Funcionários - BH/MG",Concluído,"Pendência Wiband, melhoria da rede",28/12/2011,,,,"0,00",,,,"0,00",,"0,00"
OS284/2011,Mário,Implantação,17/11/11,,82,07/02/2012,Connect Flex Multi,10 Mbps,,Axial,,Implantação de Connect Flex 10 Mbps,"Ponta A: Praça Barão de Saramenha, Saramenha - Ouro Preto/MG/ Ponta B: Av. Bernardo Monteiro, 1472, Funcionários - BH/MG",Concluído,"Pendência Wiband, melhoria da rede",12/12/2011,,,,"0,00",,,,"0,00",,"0,00"
OS285/2011,Mário,Implantação,17/11/11,,129,25/03/2012,Connect Flex Multi,20 Mbps,,Axial,,Implantação de Connect Flex 20 Mbps,"Ponta A: Av. Governador Valadares, 500, Centro - Betim/MG / Ponta B: Av. Bernardo Monteiro, 1472, Funcionários - BH/MG",Concluído,,23/03/2012,"9.896,68","530,00","1.953,00","12.379,68","8.080,43","530,00","2.112,00","10.722,43",,"1.657,25"
OS286/2011,Mário,Implantação,17/11/11,,18,05/12/2011,Connect Flex Multi,20 Mbps,,Axial,,Implantação de Connect Flex 20 Mbps,"Ponta A: Av. Barbacena, 653, Barro Preto - BH/MG / Ponta B: Av. Bernardo Monteiro, 1472, Funcionários - BH/MG",Concluído,Wendell,01/12/2011,"1.727,24","420,00","219,60","2.366,84",,,,"0,00",,"2.366,84"
OS287/2011,Mário,Alteração de Serviço,18/11/11,,6,24/11/2011,Connect Flex Multi,80 Mbps,,Axial,,Alteração de velocidade de 35 Mbps para 80 Mbps,"Pona A: Av. Bernardo Monteiro, 1472, Funcionários - BH/MG",Concluído,Rubens,24/11/2011,,,,"0,00",,,,"0,00",,"0,00"
OS288/2011,Pedro,Manutenção,18/11/11,,0,18/11/2011,,,,,,Acidente Av. Barão Homem  de Mello,Av. Barão Homem de Mello  (Abaixo do EPA),Concluído,,18/11/2011,"171,28","0,00","520,00","691,28","171,28",,"520,00","691,28",,"0,00"
OS289/2011,Mário,Implantação,22/11/11,,,20/12/2011,IP Flex,4 Mbps,,Sysmap,,Implantação Ip Flex 4 Mbps Matriz SP,"Ponta A: Rua Desembargador Eliseu Guilherme, 200, 11º andar, Paraíso São Paulo/SP",Concluído,,15/12/2011,,,,"0,00",,,,"0,00",,"0,00"
OS290/2011,Mário,Implantação,23/11/11,,9,02/12/2011,IP Flex,5 Mbps,,Net Service,,implantação de IP Flex 5 Mbps,"Ponta A: R. Padre Rolim, 491 - Santa Efigenia, BH/MG
",Concluído,,28/11/2011,,,,"0,00",,,,"0,00",,"0,00"
OS291/2011,Mário,Alteração de Serviço,25/11/11,,0,25/11/2011,IP Flex,3 Mbps,,Intelle Comunicações do Brasil Ltda,,Up grade de link para 3 Mbps,"Ponta A: Rua Pirapetinga,322 , sl 309, serra - BH/MG",Concluído,,28/11/2011,,,,"0,00",,,,"0,00",,"0,00"
OS292/2011,Pedro,Manutenção,25/11/11,,0,25/11/2011,,,,Telbrax,,Fechamento Preventiva Amazonas,Av. Amazonas,Concluído,,25/11/2011,,,,"0,00","146,30",,"1.107,00","1.253,30",,"-1.253,30"
OS293/2011,Mário,Manutenção,25/11/11,,0,25/11/2011,,,,Telbrax,,Levantamento caixa centro,,Concluído,,25/11/2011,,,,"0,00",,,"600,00","600,00",,"-600,00"
OS294/2011,Pedro,Manutenção,25/11/11,,0,25/11/2011,,,,Telbrax,,Manutenção - Alma Viva,Alma Viva,Concluído,,25/11/2011,,,,"0,00","36,07",,"500,00","536,07",,"-536,07"
OS295/2011,Pedro,Manutenção,25/11/11,,0,25/11/2011,,,,Telbrax,,Rompimento Barão Homem de Mello,Barão Homem de Mello com Mário Werneck,Concluído,,25/11/2011,,,,"0,00","418,60",,"250,00","668,60",,"-668,60"
OS296/2011,Pedro,Manutenção,25/11/11,,0,25/11/2011,,,,Telbrax,,Troca de Poste e reinstalação de cabo existente,"Rua Pouso Alegre , 1849 e 2317",Concluído,,25/11/2011,,,,"0,00","30,06",,"250,00","280,06",,"-280,06"
OS297/2011,Pedro,Alteração de Serviço,28/11/11,,0,25/11/2011,IP Flex,5 Mbps,,Axial,,Alteração de velocidade de 3 Mbps para 5 Mbps,"Av. Bernardo Monteiro, 1472 - Funcionários",Concluído,,28/11/2011,,,,"0,00",,,,"0,00",,"0,00"
OS298/2011,Mário,Alteração de Serviço,29/11/11,,1,25/11/2011,Connect Flex,5 Mbps,,Net Service,,Upgrade temporário de 3 Mbps para 5 Mbps,"Ponta A: Rua Padre Rolim, 491, Sta Efigênia/ Ponta B: Rua Major Barbosa , 166, BH/MG",Concluído,,13/12/2011,,,,"0,00",,,,"0,00",,"0,00"
OS299/2011,Mário,Implantação,30/11/11,,30,30/12/2011,,,,Cimcorp,MGS,Construção de rede subterrânea para rota Principal passando pela rua da Bahia,"Av. Alvares Cabral, 200(MGS)",Concluído,,21/03/2012,"2.637,75",,"15.215,00","17.852,75","870,00",,"18.684,00","19.554,00",,"-1.701,25"
OS300/2011,Mário,Implantação,30/11/11,,30,30/12/2011,,,,Cimcorp,MGS,Construção de rede subterrânea,"Rua Rio de Janeiro, 1212/1214",Concluído,,11/04/2012,"4191,5",,"24.120,00","28.311,50","2.084,00",,"34.377,00","36.461,00",,"-8.149,50"
OS301/2011,Mário,Implantação,30/11/11,,30,30/12/2011,,,,Cimcorp,MGS,Construção de rede subterrânea - Rota Tomé de Souza,"Rua da Bahia, 2277 (Prodemge)",Concluído,,29/12/2011,,,,"0,00","53,95",,"1.216,00","1.269,95",,"-1.269,95"
OS302/2011,Mário,Implantação,30/11/11,,30,30/12/2011,,,,Telbrax,,Ampliação de capacidade de rota Palmares - Aeroporto,"Ampliação de capacidade de rota palmares - Aeroporto.                                             Ponta A: Rua José Francisco da Silva com República do Peru. Palmares - BHMG.                                        Ponta B: Rua Magalhães Penido com Rua dos Aeroviários, Aeroporto - BH/MG
",Concluído,,07/02/2012,"46.073,86","15.690,00","12.045,00","73.808,86","25.068,10",,"7.226,60","32.294,70",,"41.514,16"
OS303/2011,Mário,Implantação,30/11/11,,30,30/12/2011,Connect Flex,5 Mbps,,Pacto Administradora,,Implantação de connect Flex 5 Mbps,"Ponta A: Av. Luiz Paulo Franco, 421, Belvedere/Ponta B: Rua Timbiras, 638, Funcionários",Concluído,,11/01/2012,"2.615,04","780,00","1.390,60","4.785,64",,,,"0,00",,"4.785,64"
OS304/2011,Mário,Cancelamento,05/12/11,,1,06/12/2011,IP Flex,6 Mbps,,CIMCORP,,Cancelamento de link IP Flex da Cimcorp,"Ponta A: Rua Paraíba, 1323, 3º andar",Concluído,,05/12/2011,,,,"0,00",,,,"0,00",,"0,00"
OS305/2011,Mário,Cancelamento,05/12/11,,1,06/12/2011,IP Flex,10 Mbps,,Interaction Design,,Cancelamento de link IP Flex temporário (evento),"Ponta A: Rua Diamantina, 563, Lagoinha (Auditório - UNI-BH)",Concluído,,04/12/2011,,,,"0,00",,,,"0,00",,"0,00"
OS306/2011,Mário,Implantação,06/12/11,,15,21/12/2011,IP Flex,5 Mbps,,Axial,,Implantação de IP Flex 5 Mbps Axial Mulher,"Ponta A: Av. Bernardo Monteiro, 1472, Funcionários (Prédio ao lado - Axial Mulher)",Concluído,,21/12/2011,"4.985,95","420,00","1.543,50","6.949,45","2.944,28","420,00","1.435,00","4.799,28",,"2.150,17"
OS307/2011,Mário,Implantação,06/12/11,,25,31/12/2011,EILD,1 Mbps,,CTBC,Prospectar Intermediação Imobiliária Corporativa,Implantação de EILD 512 Kbps,"Ponta A: Rua Pernambuco, 453, sala 28 - Bairro Funcionários BH/ Ponta B: Av. do Contorno, 5351, 16º andar - Cruzeiro - BH/MG",Concluído,,15/12/2011,"580,09","270,00","42,60","892,69",,,,"0,00",,"892,69"
OS308/2011,Pedro,Manutenção,05/12/11,,,07/12/2011,,,,Telbrax,,Troca de poste Cemig ,Av Carlos Luz atras do Mineirão,Concluído,,05/11/2011,,,,"0,00",,,,"0,00",,"0,00"
OS309/2011,Mário,Implantação,07/12/11,,25,01/01/2012,EILD,100 Mbps,,WKVE,,Implantação de EILD 100 Mbps,"Ponta A: Rua Jorge Marine, 571 - Belvedere - BH/MG (Serra do Curral)/Ponta B: Rua Engenho do Sol, 525, Engenho Nogueira - Belo Horizonte/MG",Concluído,,30/12/2011,"11.382,83","790,00","3.222,00","15.394,83","9.498,52","790,00","2.842,00","13.130,52",,"2.264,31"
OS310/2011,Pedro,Manutenção,12/12/11,,4,16/12/2011,,,,,,Manutenções próximas ao Shopping BH,"Av Luiz Paulo Franco, 241",Concluído,,27/12/2011,,,,"0,00","12,40","0,00","380,00","392,40",,"-392,40"
OS311/2011,Mário,Manutenção,12/12/11,,1,13/12/2011,,,,Telbrax,,Manutenção Rua Domingos Vieira 586,"Rua Domingos Vieira, 586, Sta Efigênia",Em Execução,Planejamento de Execução (Djalma),,,,,"0,00",,,,"0,00",,"0,00"
OS312/2011,Mário,Implantação,13/12/11,,2,15/12/2011,EILD,2 Mbps,,Intelig,Microcity,Implantação EILD 2 Mbps,"Ponta A: Rua Jornalista Geraldo Teixeira da Costa, 61, Floresta/Ponta B: Alameda do Ingá, 650, Nova Lima - MG",Concluído,,14/12/2011,"517,07","95,00","0,00","612,07",,,,"0,00",,"612,07"
OS313/2011,Mário,Implantação,13/12/11,,10,15/12/2011,EILD,2Mbps,,Intelig,Cobra Tecnologia,Implantação de EILD 2 Mbps,"Ponta A: Rua Jornalista Geraldo Teixeira da Costa, 61, Floresta/Ponta B: Rua Guajajaras, 931, Lourdes",Concluído,,27/12/2011,"4.639,19","450,00","3.641,13","8.730,32","3.310,83","450,00","1.986,00","5.746,83",,"2.983,49"
OS314/2011,Pedro,Manutenção,03/12/11,,,,,,,Telbrax,,Manutenção em quadros elétricos internos,"Rua Pirapetinga , 322 - Serra",Concluído,,03/12/2011,"294,16","0,00","450,00","744,16",,,,"0,00",,"744,16"
OS315/2011,Mário,Mudança de Endereço,13/12/11,,1,15/12/2011,Connect Storage,1 Mbps,,CIMCORP,MGS,Mudança de endereço CIMCORP - MGS -  Fibra Apagada -Rota Tomé de Souza,,Concluído,,31/12/2011,"10.144,25","2.300,00","17.671,50","30.115,75","4.484,25","2.300,00","8.885,10","15.669,35",,"14.446,40"
OS316/2011,Mário,Mudança de Endereço,13/12/11,,,15/12/2011,IP Flex,,,CIMCORP,MGS,Mudança de endereço CIMCORP - MGS - IP Flex - Rota Tomé de Souza,,Concluído,,31/12/2011,,,,"0,00",,,,"0,00",,"0,00"
OS317/2011,Mário,Mudança de Endereço,13/12/11,,,15/12/2011,Connect Flex,,,CIMCORP,MGS,Mudança de endereço CIMCORP - MGS -  Connect Flex - Rota Tomé de Souza,,Concluído,,31/12/2011,"3.044,46","0,00","250,00","3.294,46",,,,"0,00",,"3.294,46"
OS318/2011,Mário,Mudança de Endereço,14/12/11,,12,26/12/2011,Connect Flex,3 Mbps,,Net Service,,Implantação Connect Flex (Cincão),"Ponta A: Rua Padre Rolim, 491 - Sta Efigênia/ Ponta B: Av. Apio Cardoso, 577 - Galpão 3 - Armazém 1 - Contagem (Cincão)",Concluído,,06/01/2012,"9.071,56","620,00","2.666,10","12.357,66","5.595,04","620,00","2.955,00","9.170,04",,"3.187,62"
OS319/2011,Mário,Implantação,15/12/11,,20,04/01/2012,IP Flex,5 Mbps,,COOPERATIVA DE USUÁRIOS DE ASSISTÊNCIA MÉDICA HOSPITALAR DO SICOOB LTDA,,Implantação de IP Flex 5 Mbps,"Ponta A: Alameda da Serra, 46,Nova Lima - MG",Concluído,,02/01/2012,"1.754,63","345,00","566,90","2.666,53","356,07","345,00","752,78","1.453,85",,"1.212,68"
OS320/2011,Djalma,Expansão,15/12/11,,60,13/02/2012,,,,Telbrax,,Rede Subterrânea Lagoa Santa,"Av. Acadêmico Nilo Figueiredo, da base aérea até Hotel Ramada",Em Execução,Dependente de As Built (José Fernando),,"36.035,00",,,"36.035,00",,,,"0,00",,"36.035,00"
OS321/2011,Mário,Mudança de Endereço,16/12/11,,25,10/01/2012,Fibra Apagada,,,UNIMED,,Mudança de endereço de circuito de fibra apagada BHE-07-0001-00-007 para Jaceguaia,Mudando de Rua Timbiras para Rua Jaceguai,Concluído,,10/01/2012,"4.520,33","515,00","1.115,20","6.150,53","2.114,50","515,00","876,00","3.505,50",,"2.645,03"
OS322/2011,Mário,Implantação,16/12/11,,,23/12/2011,EILD,50 Mbps,,Century Telecom,,Implantação de EILD para conexão da Century ao  PTT -SP(SPO B) ,"Ponta A: Av. Raja Gabáglia, 1781. Luxemburgo/ Ponta B: PTT-SP (SPO B) - Rua Bento Branco de Andrade Filho, 61, Santo Amaro - SP/SP",Concluído,,02/02/2012,,,,"0,00",,,,"0,00",,"0,00"
OS323/2011,Mário,Alteração de Serviço,20/12/11,,6,26/12/2011,Connect Flex,5 Mbps,,Net Service,,Alteração de velocidade de circuito de 3 Mbps para 5 Mbps,"Ponta A: Rua Padre Rolim, 491 - Sta Efigênia/ Ponta B: Av. Apio Cardoso, 577 - Galpão 3 - Armazém 1 - Contagem (Cincão)",Concluído,,06/01/2012,,,,"0,00",,,,"0,00",,"0,00"
OS324/2011,Mário,Implantação,23/12/11,,10,02/01/2012,Connect Flex Multi,10 Mbps,,CIMCORP,MGS,Implantação de Connect Flex Multi 10 Mbps (Ponta R Rio de Janeiro),"Ponta A: Av. Álvares Cabral, 200 -Centro / Ponta B: Rua Rio de Janeiro, 1212, Funcionários",Concluído,,11/05/2012,"3.034,84","680,00","729,00","4.443,84",,,,"0,00",,"4.443,84"
OS325/2011,Mário,Implantação,26/12/11,,,02/01/2012,IP Flex,1 Mbps,,BHTEC,,Implantação de IP Flex 1 Mbps,"Ponta A: Professor José Vieira Mendonça, 770, Bairro Engenho Nogueira - Belo Horizonte - MG",Concluído,,30/12/2011,"4.455,66","1.010,00","2.132,50","7.598,16",,,,"0,00",,"7.598,16"
OS326/2011,Mário,Implantação,26/12/11,,,02/01/2012,IP Flex,1 Mbps,,BHTEC,,Implantação de IP Flex 1 Mbps,"Ponta A: Professor José Vieira Mendonça, 770, Bairro Engenho Nogueira - Belo Horizonte - MG",Concluído,,30/12/2011,,,,"0,00",,,,"0,00",,"0,00"
OS327/2011,Mário,Implantação,26/12/11,,,02/01/2012,IP Flex,1 Mbps,,BHTEC,,Implantação de IP Flex 1 Mbps,"Ponta A: Professor José Vieira Mendonça, 770, Bairro Engenho Nogueira - Belo Horizonte - MG",Concluído,,30/12/2011,,,,"0,00",,,,"0,00",,"0,00"
OS328/2011,Mário,Implantação,26/12/11,,,02/01/2012,IP Flex,2 Mbps,,BHTEC,,Implantação de IP Flex 2 Mbps,"Ponta A: Professor José Vieira Mendonça, 770, Bairro Engenho Nogueira - Belo Horizonte - MG",Concluído,,30/12/2011,,,,"0,00",,,,"0,00",,"0,00"
OS329/2011,Mario,Implantação,26/12/11,,,29/12/2011,EILD,4 Mbps,,Intelig,Axial,Implantação de EILD 1 Mbps para atendimento Axial ,"Ponta A: Rua Jornalista Teixeira da Costa, 61, Floresta/ Ponta B: Av. Bernardo Monteiro, 1436, 2 º andar, Funcionários",Concluído,,27/12/2011,,,,"0,00",,,,"0,00",,"0,00"
OS330/2011,Mário,Implantação,26/12/11,,,05/01/2012,Connect Flex,1 Mbps,,Banco BMG,,Implantação de EILD entre Sta Efigênia e Av. João Pinheiro,"Ponta A: Praça Hugo Werneck, 253 - Sta Efigênia / Ponta B: Av. João Pinheiro, 190 - Centro",Concluído,,05/01/2012,,,,"0,00",,,,"0,00",,"0,00"
OS331/2011,Mário,Implantação,27/12/11,,25,21/01/2012,EILD,600 Mbps,,Intelig,LINKSOL COMÉRCIO DE EQUIPAMENTOS ELETRONICOS LTDA,Implantação de EILD 600 Mbps,"Ponta A: BHE TIM Av. Raja Gabáglia, 1781, Luxemburgo/ Ponta B: Rua Javari, 205, Cachoerinha",Concluído,,11/01/2012,"1.514,36","90,00",,"1.604,36",,,,"0,00",,"1.604,36"
OS332/2011,Mário,Implantação,29/12/11,,15,13/01/2012,EILD,100 Mbps,,Global Crossing,PRIMESYS SOLUÇÕES EMPRESARIAIS,Implantação de EILD 100 Mbps,"Ponta A: Av. Brasil, 1438, sl 604, Funcionários -  BH/MG/ Ponta B: Rua da Bahia, 951, 5º andar, centro - BH/MG",Cancelada,,05/01/2012,,,,"0,00",,,,"0,00",,"0,00"
OS333/2011,Pedro,Manutenção,30/12/11,,,30/12/2011,,,,,,Manutenção de Rede Av. Raja Gabaglia,Av. Raja Gabaglia ,Concluído,,30/12/2011,,,,"0,00","296,70",,"881,36","1.178,06",,"-1.178,06"
OS334/2011,Pedro,Manutenção,27/12/11,,,27/11/2011,,,,,,Manutenção Rua Reginaldo de Souza com Rua Limeira,Rua Reginaldo de Souza com rua Limeira - Fonte Grande,Concluído,,27/11/2011,,,,"0,00","291,62",,"526,68","818,30",,"-818,30"
OS335/2011,Mário,Implantação,13/12/11,,20,02/01/2012,Connect Flex Multi,10 Mbps,,CIMCORP,MGS,Instalação de Connect Flex provisório e rádio,"Ponta A; Rua Paracatu, 526, Barro Preto/Ponta B: Rio de Janeiro, 1212, centro - BH/MG",Concluído,,30/12/2011,,,,"0,00",,,,"0,00",,"0,00"
OS336/2011,Mário,Mudança de Endereço,13/12/11,,,13/12/2011,,,,CIMCORP,CIMCORP, Cabo enterrado - Rota Provisória - Rota Rua da Bahia,"Ponta A: Getúlio Vargas,1420, Funcionários - BH/MG - Ponta B: Alvares Cabral, 200, Centro - BH/MG",Concluído,,30/01/2012,,,,"0,00",,,"5.265,00","5.265,00",,"-5.265,00"
OS337/2011,Mário,Mudança de Endereço,13/12/11,,20,02/01/2012,Fibra Apagada,,,CIMCORP,MGS,Mudança de endereço ponta A Fibra Apagada Cimcorp,"Ponta A(end antigo): Getúlio Vargas, 1420, Funcionários/Ponta A(nov end): Av. Alvares Cabral, 200, Centro",Concluído,,30/01/2011,,,,"0,00",,,,"0,00",,"0,00"
OS338/2011,Mário,Mudança de Endereço,13/12/11,,20,02/01/2012,IP Flex,10 Mbps,,CIMCORP,MGS,Mudança de endereço ponta A  IP Flex Cimcorp,"Ponta A(end antigo): Getúlio Vargas, 1420, Funcionários/Ponta A(nov end): Av. Alvares Cabral, 200, Centro",Concluído,,29/12/2011,,,,"0,00",,,,"0,00",,"0,00"
OS339/2011,Mário,Mudança de Endereço,13/12/11,,20,02/01/2012,Connect Flex,10 Mbps,,CIMCORP,MGS,Mudança de enderço ponta A Connect Flex Cimcorp,"Ponta A(end antigo): Getúlio Vargas, 1420, Funcionários/Ponta A(nov end): Av. Alvares Cabral, 200, Centro",Concluído,,29/12/2011,,,,"0,00",,,,"0,00",,"0,00"
OS340/2011,Paulo,Serviços técnicos,20/12/11,,2,22/12/2011,,,/22,Telbrax,,Implantação / instalação de um roteador no POP provisório da Unotel em SP,"Av. Alfredo Egídio de Souza Aranha, 75 Cj. 62, Vila Cruzeiro - 04726-170 - São Paulo, SP",Concluído,,22/12/2011,,,,"0,00",,,,"0,00",,"0,00"
OS341/2011,Djalma,Infraestrutura,13/12/11,,20,02/01/2012,,,,Cimcorp,MGS,"Construção de rede subterrânea para rota Principal passando pela Av. Augusto de Lima, Álvares Cabral e João Pinheiro","Av. Alvares Cabral, 200(MGS)",Concluído,,11/03/2012,"4.877,10",,"24.915,00","29.792,10","1.510,00",,"29.936,00","31.446,00",,"-1.653,90"
OS342/2011,Mário,Infraestrutura,13/12/11,,20,02/01/2012,,,,Cimcorp,MGS,Construção de rede subterrânea - PRODEMGE - Rota Rua da Bahia,"Rua da Bahia, 2277, (PRODEMGE)",Concluído,,20/03/2012,,,,"0,00","353,00",,"1.341,00","1.694,00",,"-1.694,00"
OS343/2011,Mário,Infraestrutura,13/12/11,,20,02/01/2012,,,,Cimcorp,MGS,Mudança de endereço / Lançamento de cabo - (PRODEMGE) Rota Rua da Bahia,"Rua da Bahia, 2277, (PRODEMGE)",Concluído,,21/03/2012,"3.137,71","875,00","1.377,40","5.390,11","1.725,50","875,00","1.196,00","3.796,50",,"1.593,61"
,,,,,,,,,,,,,,,,,,,,"0,00",,,,"0,00",,"0,00"
,,,,,,,,,,,,,,,,,,,,"0,00",,,,"0,00",,"0,00"
,,,,,,,,,,,,,,,,,,,,"0,00",,,,"0,00",,"0,00"
,,,,,,,,,,,,,,,,,,,,"0,00",,,,"0,00",,"0,00"
,,,,,,,,,,,,,,,,,,,,"0,00",,,,"0,00",,"0,00"
,,,,,,,,,,,,,,,,,,,,"0,00",,,,"0,00",,"0,00"
,,,,,,,,,,,,,,,,,,,,"0,00",,,,"0,00",,"0,00"
,,,,,,,,,,,,,,,,,,,,"0,00",,,,"0,00",,"0,00"
,,,,,,,,,,,,,,,,,,,,"0,00",,,,"0,00",,"0,00"
,,,,,,,,,,,,,,,,,,,,"0,00",,,,"0,00",,"0,00"
,,,,,,,,,,,,,,,,,,,,"0,00",,,,"0,00",,"0,00"
,,,,,,,,,,,,,,,,,,,,"0,00",,,,"0,00",,"0,00"
,,,,,,,,,,,,,,,,,,,,"0,00",,,,"0,00",,"0,00"
,,,,,,,,,,,,,,,,,,,,"0,00",,,,"0,00",,"0,00"
,,,,,,,,,,,,,,,,,,,,"0,00",,,,"0,00",,"0,00"
,,,,,,,,,,,,,,,,,,,,"0,00",,,,"0,00",,"0,00"
,,,,,,,,,,,,,,,,,,,,"0,00",,,,"0,00",,"0,00"
,,,,,,,,,,,,,,,,,,,,"0,00",,,,"0,00",,"0,00"